feature_set,normalisation,model,n_windows,AUC,CI_lo,CI_hi,F1,per_subject_AUC,per_subject_SD
HR only (P1 HR),raw,Logistic Regression,602,0.9139442231075698,0.8228181460187756,0.9803099015438801,0.6153846153846154,0.8474625816292483,0.2220959871856223
HR only (P1 HR),raw,SVM-RBF,602,0.849601593625498,0.7317713969232389,0.969285509673168,0.3981042654028436,0.7740984665984666,0.24849156459263172
HR only (P1 HR),raw,Random Forest,602,0.8826992031872509,0.7813736951448272,0.9625655933093203,0.5524475524475524,0.7892770403187069,0.2559278525942342
HR only (P1 HR),raw,XGBoost,602,0.8762051792828683,0.7773736990668069,0.967621962844326,0.5644599303135889,0.7878543722293723,0.25420766181747745
"Macro P1 (HR,SDNN,RMSSD)",raw,Logistic Regression,602,0.9295019920318726,0.8590724475912772,0.9887830615454757,0.6456692913385826,0.9283831450498118,0.14636436666607028
"Macro P1 (HR,SDNN,RMSSD)",raw,SVM-RBF,602,0.9129083665338645,0.8329238163484353,0.9823354591053902,0.7083333333333334,0.920628437297684,0.17008117009053705
"Macro P1 (HR,SDNN,RMSSD)",raw,Random Forest,602,0.8962749003984063,0.8026023703574892,0.9733963807655024,0.6349206349206349,0.8400985697476925,0.22472510136572788
"Macro P1 (HR,SDNN,RMSSD)",raw,XGBoost,602,0.8865836653386452,0.7727251671159677,0.9780995044861254,0.6403162055335968,0.8206907354243526,0.27331759997999105
"Macro P2 (HR,SDNN,RMSSD)",raw,Logistic Regression,602,0.9239840637450198,0.8393993326700042,0.9829704834577143,0.6482213438735178,0.9114927709664552,0.13671246725828812
"Macro P2 (HR,SDNN,RMSSD)",raw,SVM-RBF,602,0.9251394422310757,0.8407860504106259,0.9803092087496624,0.71875,0.9027742715242716,0.13793848071270534
"Macro P2 (HR,SDNN,RMSSD)",raw,Random Forest,602,0.9114342629482071,0.8368810141736485,0.9796899578957233,0.6343283582089553,0.8754274178719483,0.15297376104316693
"Macro P2 (HR,SDNN,RMSSD)",raw,XGBoost,602,0.907898406374502,0.8136886549566903,0.9865184435986257,0.6746031746031746,0.8524767624767624,0.21690223899998015
Old = P1 (macro+notch+CWT),raw,Logistic Regression,602,0.9584262948207172,0.9082023240983145,0.9963083353426965,0.7327586206896551,0.9418613851947186,0.11089740086125395
Old = P1 (macro+notch+CWT),raw,SVM-RBF,602,0.9531573705179283,0.922354798605604,0.9787319377073184,0.7374301675977654,0.9411106869466003,0.08738258539558917
Old = P1 (macro+notch+CWT),raw,Random Forest,602,0.946414342629482,0.8897276678959346,0.9916469915438224,0.7206477732793523,0.9266044058949114,0.09415946737457997
Old = P1 (macro+notch+CWT),raw,XGBoost,602,0.9472908366533864,0.8930471372290824,0.9938444547062583,0.7226890756302521,0.9284388145701354,0.09087437931617152
New = P2 (macro+APPG+CWT),raw,Logistic Regression,602,0.9441434262948206,0.9000078306704918,0.9874523366658917,0.6887966804979253,0.9686510182343516,0.04983163641441238
New = P2 (macro+APPG+CWT),raw,SVM-RBF,602,0.9322111553784861,0.8654240153593624,0.9822103914085986,0.7120418848167539,0.9751259732219485,0.03316023818659463
New = P2 (macro+APPG+CWT),raw,Random Forest,602,0.9140438247011952,0.8476088817549492,0.9780228247837035,0.6468085106382979,0.9228004151236865,0.12753658602091555
New = P2 (macro+APPG+CWT),raw,XGBoost,602,0.9285258964143427,0.8715697039657505,0.9862071560820828,0.7094017094017094,0.9513598121931454,0.07722790604463843
HR only (P1 HR),z-scored,Logistic Regression,602,0.9107569721115538,0.7709456874948645,0.9924369225483121,0.6535433070866141,0.8474625816292483,0.2220959871856223
HR only (P1 HR),z-scored,SVM-RBF,602,0.84,0.6886929801463783,0.9699547548049278,0.7422680412371134,0.8365166952666953,0.21865946800978367
HR only (P1 HR),z-scored,Random Forest,602,0.8794920318725099,0.7438999451762913,0.9802006811657926,0.6058091286307054,0.8253916682973701,0.22989160864924496
HR only (P1 HR),z-scored,XGBoost,602,0.878296812749004,0.7412930079020992,0.9874701981588392,0.6756756756756757,0.8372719429956271,0.23387786319241874
"Macro P1 (HR,SDNN,RMSSD)",z-scored,Logistic Regression,602,0.9294621513944223,0.8519214504942101,0.9857666032433304,0.672,0.9049200077270252,0.16158964597920983
"Macro P1 (HR,SDNN,RMSSD)",z-scored,SVM-RBF,602,0.8949003984063745,0.8061162449148137,0.967113967443927,0.69,0.8692574403977912,0.16556747048517303
"Macro P1 (HR,SDNN,RMSSD)",z-scored,Random Forest,602,0.9017330677290836,0.7989881125826779,0.9799867931428743,0.6666666666666666,0.8673715817394867,0.18083059997544373
"Macro P1 (HR,SDNN,RMSSD)",z-scored,XGBoost,602,0.9048804780876493,0.8051409580488779,0.9807507255150708,0.6851851851851852,0.8872122614653575,0.16033300974271686
"Macro P2 (HR,SDNN,RMSSD)",z-scored,Logistic Regression,602,0.9167928286852589,0.7989569493239239,0.985207220353223,0.712,0.9025509720246563,0.15242926404221363
"Macro P2 (HR,SDNN,RMSSD)",z-scored,SVM-RBF,602,0.8915338645418327,0.7661185966741519,0.9704027381693088,0.6868686868686869,0.8723902662060558,0.15571693635823117
"Macro P2 (HR,SDNN,RMSSD)",z-scored,Random Forest,602,0.8931972111553784,0.7850600868446911,0.9712402340896161,0.6609442060085837,0.8605543401267086,0.18009177602966697
"Macro P2 (HR,SDNN,RMSSD)",z-scored,XGBoost,602,0.8912350597609562,0.7698730608818358,0.9735179075331323,0.660377358490566,0.8711614839814014,0.159748055651821
Old = P1 (macro+notch+CWT),z-scored,Logistic Regression,602,0.9339641434262947,0.8584427901801371,0.9877913738626835,0.6776859504132231,0.9153068544735211,0.1332633492399213
Old = P1 (macro+notch+CWT),z-scored,SVM-RBF,602,0.9228286852589641,0.8284712508405132,0.9812181598883704,0.6923076923076923,0.8977935089338599,0.16209820201839745
Old = P1 (macro+notch+CWT),z-scored,Random Forest,602,0.9360956175298805,0.8690132916340118,0.9941303097624,0.7488584474885844,0.9385966323466324,0.08536773453947027
Old = P1 (macro+notch+CWT),z-scored,XGBoost,602,0.9345816733067729,0.8559822521972397,0.9920681559699416,0.7342995169082126,0.9406724863961706,0.08174442298548708
New = P2 (macro+APPG+CWT),z-scored,Logistic Regression,602,0.9647011952191236,0.9363576644569971,0.9874233962054662,0.8387096774193549,0.978043365324067,0.03204758749856039
New = P2 (macro+APPG+CWT),z-scored,SVM-RBF,602,0.9709561752988047,0.9494650393402804,0.9876229267096208,0.7374301675977654,0.9642930555869152,0.037735733847167746
New = P2 (macro+APPG+CWT),z-scored,Random Forest,602,0.9724701195219123,0.9502634598559991,0.9905091120040391,0.8076923076923077,0.9758875538519501,0.03749313584949978
New = P2 (macro+APPG+CWT),z-scored,XGBoost,602,0.9691633466135458,0.9443738487574558,0.9938031193684029,0.8367346938775511,0.9731523844152843,0.032447058819396996
Old on P1's original windows (check),raw,Logistic Regression,620,0.9543719257029587,0.9065796589350298,0.9921042744798113,0.7377049180327869,0.9474159549159549,0.10639058773517994
Old on P1's original windows (check),raw,SVM-RBF,620,0.9484252257543498,0.9127981092363433,0.978974264505337,0.7446808510638298,0.9140107590641894,0.15450068885365456
Old on P1's original windows (check),raw,Random Forest,620,0.9320167388591146,0.8728555827123737,0.9803014352878683,0.708171206225681,0.9334499131132259,0.0823394615106672
Old on P1's original windows (check),raw,XGBoost,620,0.9310072681888261,0.8698328917568533,0.984194447027049,0.7317073170731707,0.9368144433082514,0.08719747152266907
Old on P1's original windows (check),z-scored,Logistic Regression,620,0.937834960722414,0.8745320816011148,0.9876270351936159,0.701195219123506,0.931950196950197,0.12146718050815847
Old on P1's original windows (check),z-scored,SVM-RBF,620,0.9309154981278908,0.8484046732169169,0.9802596773802955,0.7282051282051282,0.9207681776102827,0.1311419466507828
Old on P1's original windows (check),z-scored,Random Forest,620,0.9440386168416416,0.8843768668619505,0.9934047879047879,0.7644444444444445,0.9442316992316993,0.08039996104036823
Old on P1's original windows (check),z-scored,XGBoost,620,0.9377798986858528,0.86556704739312,0.9928873999552944,0.7477477477477478,0.9446754196096301,0.08188954535697535
