subject,baseline_total,baseline_kept_P1,baseline_kept_P2,baseline_kept_both,stress_total,stress_kept_P1,stress_kept_P2,stress_kept_both,appg_full_detect_stress,appg_full_detect_base,P1_notch_rate_stress,P1_notch_rate_base
2,37,35,36,35,19,0,0,0,,0.46952346492128744,,0.4797424342621727
3,37,31,26,24,20,14,15,13,0.504450419866014,0.7863971916318012,0.23274029010902447,0.2455649845850169
4,37,37,37,37,20,3,0,0,,0.38462887825259096,0.32100070472163494,0.6140282161520552
5,38,23,27,20,20,0,0,0,,0.671014103955217,,0.34910804686400676
6,38,36,38,36,20,7,11,7,0.6151546122779435,0.43302945632486245,0.15066730713630982,0.5038497313594178
7,38,38,38,38,20,0,2,0,0.23327386262265834,0.3615391329238676,,0.6384422156879654
8,37,37,37,37,21,0,1,0,0.2962962962962963,0.6526977518144083,,0.06474822611553958
9,38,36,38,36,20,8,15,8,0.4801673114498622,0.22792184635311372,0.3184072608059363,0.6694738216145427
10,38,35,38,35,23,20,23,20,0.15014569310921758,0.08470713998835208,0.10681144316958409,0.5641663277584903
11,38,38,38,38,21,2,0,0,,0.31774148705973515,0.22074468085106383,0.2643741358453325
13,38,37,37,37,21,9,13,9,0.23247474934595547,0.21482020442156657,0.13083746320874337,0.17897638243952432
14,38,38,38,38,21,17,19,17,0.0631327136949735,0.5635043172559628,0.06473490288633163,0.06575622722374987
15,38,20,29,20,21,7,10,7,0.5708959972926355,0.30722310817544046,0.10634828204211225,0.6346214477174427
16,38,35,35,33,21,12,21,12,0.09762783211854854,0.4601639565144613,0.29451524144800445,0.37937547554099355
17,38,38,38,38,23,7,10,7,0.19570551641731215,0.6231663223613955,0.06864614773124553,0.0750055463289347
