subject,label,t0,HR,SDNN,RMSSD,DR,RI,AR,log10_Ew,E_ratio,n_beats,notch_rate
2,0,336.546875,74.9367088607595,157.00362549848865,87.05242673240073,,,,2.9655166651313443,0.31357728858465084,48,0.4791666666666667
2,0,366.546875,72.5230024213075,133.25674145441923,77.67004627724691,0.31616544921828393,0.7575789145693207,1.2454580901251069,2.416896595462741,0.5566849439113583,52,0.5192307692307693
2,0,396.546875,69.67088607594935,71.70085190786368,54.77554003553238,,,,2.3242546007536267,0.5257107394197241,51,0.49019607843137253
2,0,426.546875,72.98245614035089,107.87358732614456,53.997561122173444,,,,3.0319183249328416,0.5316872479523306,47,0.40425531914893614
2,0,456.546875,74.96007098491572,156.0215456498894,126.8739737232713,,,,3.1222042393103786,0.37032507408531135,39,0.28205128205128205
2,0,486.546875,69.55471698113207,171.16203471141435,124.9472016871905,,,,2.2888863735642877,0.2481353266931005,56,0.42857142857142855
2,0,516.546875,72.58979206049149,104.86305006563464,89.70932384145424,0.25853704318668624,0.806554207588456,1.258121296977238,1.7554898621310033,0.3310131274062895,64,0.546875
2,0,546.546875,71.2332531776022,89.07716273491883,62.698981719589916,,,,2.324992291445879,0.4475451002342031,61,0.4918032786885246
2,0,576.546875,71.82364729458918,122.55140400195555,56.56436279282119,,,,2.8757579066291368,0.5041881308272665,43,0.37209302325581395
2,0,606.546875,70.30985915492958,139.8294806321119,112.53797102256198,0.2858613601887245,0.7804458909178864,1.3503951104184353,2.932241425525792,0.7326681982817818,41,0.5121951219512195
2,0,636.546875,70.57034220532319,108.13367995997912,95.34847584119053,0.2034148124336098,0.8543481314375664,1.3145626208613317,2.8566017372645094,0.48414472259000935,39,0.6410256410256411
2,0,696.546875,69.63730569948186,122.5719406961006,122.77386950164684,0.2595751053959522,0.8358960634040111,1.259926835580763,2.821926865468277,0.3802152763867927,45,0.5777777777777777
2,0,726.546875,71.15577889447236,76.26923633477658,61.609218098568505,0.22882951356378467,0.8530335038651411,1.2957987006478857,1.4714171186246705,0.2556121305476037,63,0.7301587301587301
2,0,756.546875,73.72549019607844,82.4115979989246,79.31506389372144,0.23459896754900086,0.8265152120783331,1.2638998077016408,2.8069461148782033,0.32793285790671634,55,0.6363636363636364
2,0,786.546875,72.06798866855524,90.29996827619681,92.1742575234539,,,,2.6657858129279997,0.19699151999153133,59,0.4406779661016949
2,0,816.546875,70.02690582959642,52.615535683739694,66.07242551273256,,,,2.063082017400584,0.40924539873789373,63,0.4444444444444444
2,0,846.546875,71.30674002751032,48.12670445854911,57.11145900780333,0.3358947499092646,0.7234685439668761,1.4114467519853666,2.200225848862749,0.5240450782932329,58,0.603448275862069
2,0,876.546875,72.63556116015133,73.78574345698496,72.47290966378496,,,,2.4095473516152066,0.5127471854718559,54,0.48148148148148145
2,0,906.546875,70.9617807643847,108.52639595442074,85.66551209929987,,,,2.3397989079399104,0.2599748400203985,54,0.48148148148148145
2,0,936.546875,71.11111111111111,117.17708287032922,92.46875432040913,0.2040647172657144,0.8673560332553358,1.2597850065089085,2.092951805524605,0.35803806827621254,59,0.5932203389830508
2,0,966.546875,71.16179615110478,153.74715850726253,114.39939882122587,,,,1.9986742823454713,0.3807869173285905,60,0.4666666666666667
2,0,996.546875,70.68318584070796,158.7339675184424,127.01205178280101,,,,1.8979133953049323,0.5015715566639504,58,0.41379310344827586
2,0,1026.546875,69.59223300970874,99.72027384349722,106.9371164516792,0.2771408402100363,0.7810914865119845,1.3136645865049168,1.9283637250377126,0.5359381753805751,60,0.5833333333333334
2,0,1056.546875,69.30626057529611,102.95872349839834,97.74757382441429,,,,1.8349015470412657,0.25038675845766434,66,0.42424242424242425
2,0,1086.546875,69.1891891891892,85.63649206990243,72.62377399724676,,,,1.9110761580770506,0.21925206242711334,67,0.2835820895522388
2,0,1116.546875,70.4905206139031,62.343982180087266,54.75598781644238,,,,1.992265715215145,0.29303314665236496,65,0.4461538461538462
2,0,1146.546875,69.32940309506264,109.31994180298406,84.10945509303049,0.3612423307569002,0.7105659145689471,1.5495801863632008,2.3495309023739614,0.4446478420383359,56,0.5357142857142857
2,0,1176.546875,71.38780804150454,109.24514717017209,81.54520007091321,,,,2.5610468765781884,0.402146160347557,51,0.4117647058823529
2,0,1206.546875,70.72589382448537,94.33640133928716,78.79682725716471,,,,1.729387079854353,0.3014691976750152,58,0.43103448275862066
2,0,1236.546875,70.42586260491142,95.01463544444691,90.58607880690671,0.3017479119040921,0.7651689453575157,1.4182411897793277,1.6355934333800322,0.32341441426608486,63,0.5079365079365079
2,0,1266.546875,71.43559143559143,102.31808711835963,101.18292363499923,,,,2.5606443951157,0.24996296977896013,59,0.4576271186440678
2,0,1296.546875,73.81831888428194,89.07566767124698,96.03050163525224,,,,2.717318327099382,0.329585453353525,59,0.423728813559322
2,0,1326.546875,74.86860695111613,72.89977616150028,78.70586301626028,0.1603947379726255,0.8868865662929166,1.1031084210512998,2.0260611048333197,0.2149199749429713,71,0.5070422535211268
2,0,1356.546875,74.03921568627452,92.82307693630314,85.36607836199143,,,,2.7752657061773376,0.4607559136434568,64,0.4375
2,0,1386.546875,76.5038560411311,135.10095538211894,91.55414495441119,,,,3.476062457199813,0.3527499057822132,46,0.30434782608695654
3,0,352.859375,55.362434921906285,154.8217210696876,126.06359033675723,,,,2.1354252838307057,1.703826474304786,45,0.06666666666666667
3,0,382.859375,56.8986905582357,192.1657850749929,130.2864349098853,,,,2.071886205809254,0.7154075168237026,50,0.1
3,0,472.859375,53.423820834747204,172.0239099943845,157.53863148496706,,,,1.9498738520085368,0.35133008124885307,46,0.17391304347826086
3,0,502.859375,53.93587786259542,132.81227799072096,132.34623092382944,,,,1.4558551854715873,0.2836581800901267,50,0.1
3,0,532.859375,52.8440366972477,148.9811432051109,133.1643623340469,,,,1.7172967809543525,0.8188341291421196,47,0.2127659574468085
3,0,562.859375,53.093674386450054,154.49282378856134,139.75424859373686,,,,1.8207559352702205,0.38456979231314187,46,0.2826086956521739
3,0,592.859375,56.070087609511894,221.30763949143034,119.16730404841198,,,,2.0786304791043695,0.3093629784375455,44,0.3181818181818182
3,0,622.859375,59.839715048975954,215.49194378476068,182.18534314250525,,,,2.1620321827789004,0.36233844926951203,46,0.2826086956521739
3,0,652.859375,60.56782334384857,165.9749355413075,188.63588230702558,,,,2.2997016015418437,0.3636127382082367,45,0.2
3,0,682.859375,52.85336156696664,202.85762728355908,145.19484484219817,,,,2.3565822914338566,0.5658746465725056,36,0.3055555555555556
3,0,712.859375,53.477088948787056,181.2957626692581,145.1007321492145,,,,2.0879386116967784,0.4610083666968389,38,0.21052631578947367
3,0,742.859375,54.193548387096776,158.27842761714152,136.32098124085883,,,,1.7894957221170733,0.3782213619339337,47,0.1276595744680851
3,0,772.859375,54.79915433403806,154.6751115575083,153.3321303168387,,,,2.8438702407871075,1.746984266139955,36,0.3611111111111111
3,0,862.859375,53.74045801526718,236.29070303829042,150.64346112909243,,,,2.0115661387474653,0.9267521766523881,40,0.2
3,0,952.859375,54.03837953091684,164.29203594960958,137.37236289721073,,,,2.2033576174784106,1.803294504053207,39,0.05128205128205128
3,0,982.859375,55.192660550458704,122.19790178202987,134.58842240371922,,,,1.0451840122445024,0.28430164211572817,52,0.07692307692307693
3,0,1012.859375,54.38772499262319,137.04210747721822,155.24228615526854,,,,0.9985912258886851,0.30652211751574615,51,0.17647058823529413
3,0,1042.859375,52.40870527480634,170.9114662156155,157.7474540500076,,,,1.5419115158153804,0.45636493867964567,41,0.2926829268292683
3,0,1072.859375,50.832072617246595,195.27914631174446,157.9152335341428,,,,1.7414043528323022,0.5667911268558509,39,0.28205128205128205
3,0,1102.859375,53.89473684210527,204.85120802154088,153.8317327762012,,,,1.9804245769218525,0.9816089728245005,46,0.21739130434782608
3,0,1132.859375,54.18234442836469,166.83625976295934,106.01229537574089,,,,2.0071344505625777,0.8837544124141591,45,0.2222222222222222
3,0,1162.859375,51.008174386920984,157.39501178612744,149.63307777262912,,,,1.7711736493224177,0.4918491167602752,44,0.13636363636363635
3,0,1192.859375,51.33247089262613,221.86837412490303,183.21936561810273,,,,2.334403890537463,3.295300375993451,42,0.42857142857142855
3,0,1222.859375,54.511041009463725,202.4695621843222,150.07322431483237,0.42460866548194026,0.6563450589482994,0.6607988081595688,2.154535538221807,2.5910325385303246,45,0.5555555555555556
3,0,1252.859375,53.980830670926515,157.93390984762226,162.4267412991546,,,,1.07199500123306,0.5663424453932386,48,0.4375
3,0,1282.859375,54.4519940915805,172.0710192467534,154.03256093938532,,,,0.8677123074649393,0.6007212702848798,51,0.47058823529411764
3,0,1312.859375,53.29890251775338,192.062346988716,132.04169069614545,,,,0.8787543952250398,0.6963736377714683,49,0.40816326530612246
3,0,1342.859375,53.38388625592417,164.30535483778203,129.7356616808374,,,,0.8203227882601313,0.3564577294921141,48,0.3333333333333333
3,0,1372.859375,53.09324758842444,123.7249389453338,142.327346211927,,,,1.0392160720609334,0.40403923542104864,45,0.4
3,0,1402.859375,53.27783558792924,99.35107834759584,108.90897742878377,,,,1.5435357683330442,0.4595212725312437,44,0.18181818181818182
3,0,1432.859375,53.188484519282994,75.06635136892652,104.53580427298581,,,,1.125178379273174,0.2173806441899829,52,0.0
3,1,2243.859375,111.07438016528926,62.27223710892571,42.66095857295797,,,,1.602576288593291,0.3192666353675732,46,0.08695652173913043
3,1,2273.859375,99.93355481727573,116.41478397605474,75.81030457929454,,,,1.4729649729076886,0.3636537873000254,60,0.21666666666666667
3,1,2303.859375,89.3854748603352,167.63259106371498,89.57482151055981,,,,1.5914366639335535,0.2748690457556473,61,0.2459016393442623
3,1,2333.859375,85.90604026845637,160.2563540440116,91.90900731157964,,,,1.8683948759786007,0.39566139257387806,60,0.18333333333333332
3,1,2363.859375,81.75824175824177,168.3581422019705,133.89136387918595,,,,1.878115092711573,0.6994076352145124,42,0.19047619047619047
3,1,2393.859375,92.04671173939768,152.16488394569828,134.41133229754104,,,,1.7277067444873475,0.6314988357207921,56,0.21428571428571427
3,1,2423.859375,92.49827942188575,159.72115974659815,122.31491119238079,,,,1.537652505674132,0.6859467458489885,54,0.14814814814814814
3,1,2483.859375,77.51552795031056,179.69324823581562,113.5503269824112,,,,1.4589084169846886,0.31714287660188584,42,0.14285714285714285
3,1,2513.859375,73.74110953058322,203.0290974569256,143.14865161199856,,,,1.2130660247451712,0.6240412982290872,41,0.2682926829268293
3,1,2543.859375,75.4997269251775,168.3756088990416,154.65037667147672,,,,1.0133067183762468,0.6483204582512253,47,0.23404255319148937
3,1,2573.859375,84.78900883218841,159.3312043707615,148.75489392254994,,,,0.8546220839440961,0.14685380790334046,58,0.2413793103448276
3,1,2603.859375,89.68858131487889,149.49566137140783,137.05316244413152,,,,0.7412004022002893,0.09144262812786896,47,0.2553191489361702
3,1,2693.859375,82.15320910973084,179.33469630757787,133.98684248213826,,,,0.982225670600974,0.15939818061942443,44,0.3409090909090909
3,1,2723.859375,76.70702179176756,201.84162608783228,162.23874732261865,,,,0.5951949208301255,0.2812933885011351,49,0.4897959183673469
4,0,285.296875,70.1565995525727,168.61176310733268,133.57841129570943,,,,2.8304021804004136,0.22341029208015667,55,0.43636363636363634
4,0,315.296875,67.72486772486772,167.67092872054536,134.67818054969587,0.14974543224888603,0.9184631587539281,1.153185761234157,2.5452491570902063,0.18040072202582608,55,0.509090909090909
4,0,345.296875,64.3152709359606,184.83243355170936,142.2034429837357,,,,2.467395028045713,0.20273338827030718,55,0.4909090909090909
4,0,375.296875,64.46346280447663,185.85883057299372,158.004265076162,,,,2.3510128157589794,0.25801116493165605,57,0.38596491228070173
4,0,405.296875,61.49903907751441,173.6819441668933,185.2173234686183,,,,2.3442247954650717,0.2597135507790251,55,0.45454545454545453
4,0,435.296875,59.58620689655172,175.48646447471805,183.83199477411864,,,,2.3465531026046325,0.24338617121764064,56,0.48214285714285715
4,0,465.296875,59.3644431720584,210.4170963967009,176.68460011179997,,,,2.3086475870139327,0.2418198601266158,56,0.3392857142857143
4,0,495.296875,59.561018437225634,202.23556595212432,164.26039332266353,,,,2.2702650194664686,0.2584849235605236,57,0.40350877192982454
4,0,525.296875,59.449541284403665,169.22862217601337,158.28008129456904,0.18041836286093008,0.9076069749232466,1.2037243280753163,2.215925516373768,0.28365095161173387,56,0.5892857142857143
4,0,555.296875,59.06009683850755,190.89619639273457,161.340228527222,0.15581001949414716,0.9245127856921406,1.280402750428036,2.182530528165443,0.32113972169041566,56,0.6071428571428571
4,0,585.296875,57.744360902255636,193.9902174122472,138.55804186660944,0.1488938461341034,0.9228110926844898,1.3306897106424511,2.2111704718854384,0.3360115876398105,56,0.5535714285714286
4,0,615.296875,60.45413260672117,183.04266830136075,160.84814131960687,0.1487728854872983,0.9262648926639496,1.292949540095464,2.3215312745820307,0.26551122485666917,56,0.625
4,0,645.296875,64.97884803123983,172.2578071923478,144.45360096197794,0.18055089876162722,0.8939352340244053,1.2866268159931098,2.471998667273659,0.2503643404558824,57,0.5263157894736842
4,0,675.296875,62.66009852216749,171.392936253526,155.73576092902638,0.20967872244352176,0.8698309273988246,1.2698863658057127,2.3947113097634354,0.29714338330156276,57,0.5614035087719298
4,0,705.296875,58.92857142857143,192.86694946440943,169.77324572274424,0.173756902727327,0.9096467025875232,1.2783194239927298,2.283791312528778,0.3592379939964661,56,0.6428571428571429
4,0,735.296875,55.77898034747935,196.53672697238957,153.7515769473377,0.15388192873410902,0.9375426091635851,1.2841047350079624,2.3179271709623075,0.3505525955109753,53,0.5660377358490566
4,0,765.296875,58.13196229648671,178.89969164004788,128.20455743769062,0.16496488959097746,0.9243627686420028,1.3129072457617939,2.3025493212177928,0.34043810046715167,55,0.6363636363636364
4,0,795.296875,58.786221979223626,164.90536043981626,142.47909660279996,0.1533204520298746,0.926890731626573,1.2905136817119718,2.2984864074438707,0.29779922284405363,57,0.7192982456140351
4,0,825.296875,63.34733053389323,199.33907062555988,128.07658116100654,0.20197043494041297,0.8639545952538944,1.3062817136579556,2.2486296806281785,0.2863589296824635,58,0.6551724137931034
4,0,855.296875,66.51968503937007,159.10171244583967,97.06497135822339,0.23354676254222692,0.8388870021886178,1.316149091682028,2.2519719031101424,0.32537416420292464,59,0.6949152542372882
4,0,885.296875,57.62770562770563,168.77010722827742,138.41580670889795,0.18086706405211428,0.904922986028855,1.3405188045046448,2.35614328048964,0.3438438303875862,54,0.7037037037037037
4,0,915.296875,56.035242290748904,178.3263604818615,165.24756880575313,0.15347781156575074,0.9279062982412503,1.3683255170500512,2.3626577379370692,0.3115858230265183,54,0.7407407407407407
4,0,945.296875,58.046511627906966,168.60993572768336,140.88998952837477,0.15674522013397216,0.9209295458713125,1.3095070217621916,2.327223548486225,0.3572237797766042,54,0.7592592592592593
4,0,975.296875,57.64434180138568,171.78177747478975,162.08714916245245,0.16047775451689875,0.9176755215150788,1.326573489017816,2.2978673834578744,0.349687026279316,54,0.6851851851851852
4,0,1005.296875,58.24600110314396,192.07041905358793,162.0034480728728,0.15844318096885307,0.9169855470601205,1.2845219208605614,2.3137876707823883,0.3273862313397669,56,0.7142857142857143
4,0,1035.296875,58.89236012496449,156.1727294086427,119.31355156188053,0.1572449765234416,0.9215709327196824,1.2810567507290314,2.300345329768696,0.3321632297698635,55,0.8181818181818182
4,0,1065.296875,57.39742086752638,174.78376434028644,129.58437899873505,0.15005233984280134,0.9386335960245525,1.339359885374765,2.2861225980472226,0.3471919880262526,54,0.8148148148148148
4,0,1095.296875,56.38046600702203,163.9170407047227,130.5015637605136,0.14349219394197532,0.9436226070666612,1.3773085087033718,2.2857481415336016,0.32807387935464494,51,0.6470588235294118
4,0,1125.296875,56.45398412231697,121.91219670466587,98.52662726269435,0.1412203088881959,0.9403198373708304,1.3623150463988551,2.2751755697202025,0.34564404268667487,53,0.7358490566037735
4,0,1155.296875,61.707398727820554,164.67447234309958,96.69501589002905,0.20473651366800516,0.8818384056835341,1.3445456524320982,2.2550960947931373,0.39529808999684407,53,0.7735849056603774
4,0,1185.296875,66.44808743169399,229.96004739892427,132.0610937135767,0.27926648632500545,0.8117012523659404,1.340028484864565,2.7815361718133067,0.24553035134918613,46,0.5869565217391305
4,0,1215.296875,62.676822633297064,236.89142385363448,123.71162204775872,,,,2.904073451927406,0.248070301599921,41,0.4634146341463415
4,0,1245.296875,59.95642701525055,204.4926908400504,165.9053793805596,0.15565044965972152,0.9126446960865751,1.2154951422128595,2.3425117719895687,0.39105459103707996,50,0.56
4,0,1275.296875,58.82847702012616,142.45607983295258,152.34957315942984,0.15083065224316367,0.9154041161334223,1.2877911916317752,2.246577866678068,0.3123031662288279,55,0.7272727272727273
4,0,1305.296875,58.015963511972636,145.45190156697325,139.46913252268558,0.14286658141789865,0.9296659132576891,1.3139324442587843,2.207504354035486,0.35159039837983164,55,0.7818181818181819
4,0,1335.296875,57.33125972006221,169.07135426254135,128.93061824040456,0.1414308836043355,0.9300311432705417,1.3125542068587333,2.178811802864649,0.39156718329209245,53,0.6981132075471698
4,0,1365.296875,58.465286236297196,168.94947582828738,121.89216912032184,0.14355004516725464,0.918106843666746,1.3107793533564063,2.2336275655954725,0.33248281893688336,54,0.6296296296296297
4,1,3733.296875,79.83903420523139,182.4562429130804,136.26536929115758,,,,2.7566315373687686,0.4479802353851609,44,0.29545454545454547
4,1,3853.296875,68.57142857142857,173.26354097048124,172.9811705115979,,,,2.4788055787870023,0.5190520758331697,44,0.29545454545454547
4,1,3883.296875,68.9108910891089,175.83191490704084,173.94585783609028,,,,2.5187361551538108,0.3462207018217564,43,0.37209302325581395
5,0,369.375,70.86505190311419,181.6734789703481,133.11449797962814,0.4046360657602984,0.6973575121036825,1.2621549937409176,3.160523527583964,0.4929818099169172,43,0.627906976744186
5,0,399.375,70.40902679830748,173.8371391893529,135.5815361366601,,,,3.103154144273156,0.7569275567262821,38,0.42105263157894735
5,0,429.375,64.36994219653178,179.53098103867578,139.90830439865204,,,,3.013791959744642,0.9388541647317719,38,0.34210526315789475
5,0,459.375,62.7290198590647,155.31953346405018,132.012621597442,,,,2.2591214737283485,0.27676066372295566,55,0.2909090909090909
5,0,489.375,60.93223140495868,96.45313856247887,98.05806756909202,,,,2.809484175305492,0.270247427332899,53,0.20754716981132076
5,0,639.375,61.26178390137781,196.0113309551891,141.20251783047874,,,,2.8776594500930988,0.23805681026039882,32,0.46875
5,0,669.375,61.141088014153034,180.44075209708342,123.0745041013069,0.47424741462188175,0.6811529867730217,1.4022009211376592,2.1713116035148343,0.3873931467595252,46,0.717391304347826
5,0,699.375,62.131018153117594,85.73979475556033,54.52312481604372,,,,2.675481098855974,0.22468185416330994,49,0.40816326530612246
5,0,729.375,62.679396365876194,77.71230802678417,54.742182045457774,,,,1.7413991506697042,0.220306640757849,57,0.10526315789473684
5,0,759.375,61.55819172811798,112.35863070602387,105.2956258252677,,,,1.8660541357878715,0.32460288306226637,55,0.09090909090909091
5,0,789.375,60.510557831705015,133.1154632734304,118.18254873534161,,,,1.9037852426010413,0.32050197273631403,55,0.12727272727272726
5,0,819.375,61.97320341047502,140.9239032272964,82.5117824747417,,,,2.5827621608443088,0.5373617980636638,56,0.14285714285714285
5,0,849.375,60.73410922112802,111.10587462211109,77.15488101794739,,,,2.635743783478191,0.5432682053890087,56,0.17857142857142858
5,0,879.375,60.67456700091157,97.61912473050786,55.92028069093709,,,,2.1523887895437834,0.2555973214046377,56,0.21428571428571427
5,0,909.375,63.114186851211066,86.1599788940065,62.97170480509961,,,,2.9483384874457594,0.20422673070151537,46,0.2826086956521739
5,0,969.375,61.32921174652242,88.90953781219703,73.04056933320358,,,,3.09041234774283,0.41535519593777276,37,0.2972972972972973
5,0,999.375,61.26608337622233,177.66695020428662,66.7500292602932,,,,3.153918218225347,0.8363088497391976,41,0.36585365853658536
5,0,1149.375,71.73100871731009,201.00993213294703,106.58647701905403,0.5475899125047663,0.5475695408634262,1.1483196072604214,3.030196592135909,0.22310628197925014,41,0.6097560975609756
5,0,1179.375,69.22587486744433,159.1229854504468,66.21115042209576,,,,2.7759522216475228,0.5077042736735631,47,0.48936170212765956
5,0,1269.375,62.0990099009901,55.27465111810965,54.32234456984729,,,,2.5823372606432815,0.08637568187456253,52,0.4807692307692308
5,0,1299.375,63.4500991407799,111.6178566286208,65.4291790482674,,,,2.3396238196284256,0.31969625661159,55,0.43636363636363634
5,0,1329.375,65.80645161290322,164.00645475537243,69.31585316505885,0.47381248878301213,0.6069071588805737,1.8847805404553166,3.2392882411147905,0.4252305128219087,40,0.5
5,0,1389.375,60.883352208380515,126.76877654994695,99.81129112883751,,,,2.421612067591843,0.28200184522961214,49,0.22448979591836735
6,0,672.703125,70.656,190.9184157840915,163.40670297972386,,,,2.40344226063214,0.12927870780293033,55,0.2545454545454545
6,0,702.703125,69.17469627147047,149.53471724593493,146.93593594091726,,,,1.9831048195116938,0.26714140160372174,53,0.49056603773584906
6,0,732.703125,70.31536113936927,186.16630496724892,155.92797698730314,0.20651803639660274,0.8606458227587614,1.1719447966250927,2.284483486510632,0.2636356367607888,49,0.5714285714285714
6,0,762.703125,66.15505090054816,189.24678534935126,153.09310892394862,,,,1.7449050508223416,0.2868102824402842,54,0.4444444444444444
6,0,792.703125,65.32354903268846,166.77998598599953,172.2398724474513,,,,1.885092366197036,0.2583025005563645,57,0.42105263157894735
6,0,822.703125,68.03603603603602,182.84614122847114,174.7898353598941,0.20159665205609928,0.8867561001646528,1.2878389735650289,1.8789307717024148,0.2748382804090561,63,0.5238095238095238
6,0,852.703125,66.62627375378685,166.45839821857476,147.5858722029756,,,,1.7644668411132616,0.2505110108187509,64,0.4375
6,0,882.703125,66.94484138325235,182.32959695156973,156.75142756811772,,,,1.712881577129542,0.24457971772955836,64,0.359375
6,0,912.703125,67.1686925585532,158.58047980336022,162.0285629397895,,,,1.62887034824621,0.25553163136115864,64,0.453125
6,0,942.703125,67.05882352941177,172.89990473080388,147.46371991734262,0.1530887450831508,0.9190127637915904,1.1230354698379585,1.7514644293750503,0.2276355337378057,62,0.5161290322580645
6,0,972.703125,66.18407445708377,191.53528683591523,138.31755911340724,0.13466820686531353,0.9308192935852202,1.1409399156465292,1.8923466459300897,0.3021448670171581,57,0.5964912280701754
6,0,1002.703125,65.96319018404907,156.8090647641513,126.96099449052772,0.17626156870859827,0.8864594102694963,1.183741529340816,1.847181202711308,0.31397858361777925,60,0.7166666666666667
6,0,1032.703125,65.287616888637,147.29339036481724,136.29522694830104,0.17674942679662664,0.8841830977143976,1.1549254999338152,1.774206694646592,0.2736406472217606,62,0.7419354838709677
6,0,1062.703125,65.0223642172524,150.60148006813182,139.44034486346132,0.15762433776967633,0.9063176369899605,1.1324081554133056,2.062429412059381,0.25369024788892264,58,0.5862068965517241
6,0,1092.703125,66.85020242914979,174.63631179320384,141.6984888617012,,,,2.4559232477083675,0.23402962036593422,51,0.4117647058823529
6,0,1122.703125,67.61816496756256,198.91219606728518,115.43369665036471,,,,2.451419401006442,0.23744168084069284,48,0.3333333333333333
6,0,1152.703125,66.63145982648057,199.83605193376857,166.39641322825221,,,,2.0878495921559708,0.22240603592637032,54,0.3148148148148148
6,0,1182.703125,66.64462809917356,193.37691449929065,166.79753127734654,,,,2.2216924467532575,0.20655700494897508,51,0.39215686274509803
6,0,1212.703125,69.27161334240981,145.3373581005643,123.84050294816532,0.1643730285249795,0.9044157598674328,1.170982211318392,2.111678041763813,0.23178710303116778,60,0.5833333333333334
6,0,1242.703125,69.60725075528701,141.12365728341638,97.33368985031878,0.19641308872790894,0.8713390525641159,1.2580317959343859,2.0233799806162445,0.3143497052262369,60,0.65
6,0,1272.703125,65.40499621498866,176.0413864978943,139.19410907075056,0.21886997137728845,0.8619073803920089,1.1962868421196955,2.2519677719428053,0.3290863312093635,54,0.5185185185185185
6,0,1302.703125,68.72108249672632,196.253829143551,160.07394642434363,,,,2.603163943389757,0.41125745268340624,51,0.3137254901960784
6,0,1332.703125,73.09934562760262,188.92204255907393,156.89206316858133,,,,2.775520413456308,0.3167294267407963,45,0.3333333333333333
6,0,1392.703125,70.37263286499694,162.82933167458484,150.6820431405149,0.3056282303827189,0.8103980220020467,1.171513248936135,2.520677901113774,0.32159703510044074,43,0.5116279069767442
6,0,1422.703125,70.30183077684315,200.98874490164778,158.57643070456592,0.2572296122802127,0.8376356288712209,1.160059360847961,1.3049783064684701,0.34884462864874133,49,0.5102040816326531
6,0,1452.703125,67.56598240469208,160.68094882260473,144.3274987565482,0.2928733364871489,0.7767876438139012,1.2768250829227927,1.4947023290818973,0.29451604079040367,50,0.66
6,0,1482.703125,74.72597299444004,137.9157542660234,114.21853351114213,0.28445731858613826,0.8140846555820404,1.2198525275364815,1.8150171802866584,0.4067158823696155,57,0.631578947368421
6,0,1512.703125,71.59960745829245,178.19233285814147,128.66205852883766,0.23669883486240648,0.8905521947475178,1.1343401774521285,1.8941249369201758,0.36490722211432,62,0.5645161290322581
6,0,1542.703125,71.93388429752066,165.8441904414581,129.28492010721757,0.1940168655770217,0.908831549117498,1.0835177310292758,1.81553842835504,0.30849256138251174,69,0.6521739130434783
6,0,1572.703125,76.7504835589942,130.63526210325387,93.18323176196334,0.2378014835654287,0.861474689627763,1.1532119073039517,1.7815262825144775,0.4479126694937036,68,0.6617647058823529
6,0,1602.703125,75.0,154.6652589612336,94.15322766731056,0.30282398390286763,0.8226629438876105,1.214028696297773,1.6902856716891825,0.41199542904957775,57,0.5614035087719298
6,0,1632.703125,70.93975903614458,170.515732960915,153.09310892394862,0.29466304348869615,0.8292401554532638,1.197250970404379,1.6288460778281615,0.2543200928858699,56,0.5535714285714286
6,0,1662.703125,69.7029702970297,157.4397047351918,150.2451922307717,0.22295681743484327,0.8771670461362631,1.1373598104221994,1.78665739354742,0.2707119278803288,60,0.5
6,0,1692.703125,70.18943170488534,144.23330862501626,140.71177878024284,,,,1.8736926023706,0.2480844187868474,61,0.36065573770491804
6,0,1722.703125,71.71187194308581,153.72201857807227,156.64013793565172,,,,2.3659920905154914,0.3109359430718576,52,0.38461538461538464
6,0,1752.703125,69.02927580893683,142.90862878679752,114.78185589179279,0.21505615110466897,0.8512380223432847,1.1987860557345622,2.3780318980731594,0.40547667384917835,45,0.6222222222222222
6,1,2440.703125,80.36753445635529,194.4516087953755,150.38716606116722,,,,1.9825787450958368,0.1418363662315193,54,0.24074074074074073
6,1,2740.703125,76.11893583724569,178.54817887726446,150.45503896513404,,,,1.427581217100574,0.1878871542743024,49,0.20408163265306123
6,1,2770.703125,83.9803171131766,144.29364781888842,137.70108402502382,,,,1.8984547016490116,0.11273088766071088,52,0.19230769230769232
6,1,2800.703125,84.44200109950522,181.1486889436675,158.12674982562774,,,,2.1059126061898534,0.10962655343404773,52,0.057692307692307696
6,1,2830.703125,76.48621041879468,181.33999464326664,151.32875016004064,,,,1.914234640340332,0.22246094261253932,55,0.12727272727272726
6,1,2860.703125,76.96202531645571,144.79959218598017,135.78631960691513,,,,1.9035318857535568,0.15681104587375425,53,0.1509433962264151
6,1,2890.703125,77.31543624161074,122.73510043742972,136.66293503543673,,,,2.090462187847147,0.08436671262724234,49,0.08163265306122448
7,0,100.640625,69.10025706940874,170.79732809579858,144.37280166075257,,,,2.4356541986050546,0.9388432088679134,45,0.4888888888888889
7,0,130.640625,67.39657333890514,161.07223725995195,136.44666185824434,0.2512498042386074,0.8419673948265474,1.2129719319406995,2.190370020378331,0.5298575752260168,51,0.5882352941176471
7,0,160.640625,70.0385829533497,101.15378516382596,77.78458443732252,0.24280442690084855,0.82780459330775,1.1749929069214216,2.188852659591407,0.4923000291389431,57,0.7017543859649122
7,0,190.640625,74.98349834983497,87.63205488581828,66.23543650677048,0.24418341477743535,0.8141469228975491,1.1776247364917884,1.4393548512338243,0.30239709386372576,73,0.6986301369863014
7,0,220.640625,74.60700618192523,83.36826828189994,57.78593003212304,0.24583662751496452,0.8144738443040154,1.1683539144759774,1.5783704918070713,0.30886469674822364,69,0.7391304347826086
7,0,250.640625,71.15294117647058,91.02076810230982,68.56195392069664,0.2104050746971288,0.849819140153753,1.1590571734161634,1.5846570476039261,0.30947936929796327,66,0.696969696969697
7,0,280.640625,70.98591549295774,95.40352465858432,68.80294571443181,0.20975980141710643,0.8505809884192458,1.1776323600795415,1.5220886268734097,0.349645048047053,67,0.6865671641791045
7,0,310.640625,72.38779174147217,101.7437345215956,54.23923424284307,0.26118487213533054,0.8050683749408308,1.1905551418643228,1.4012617020704823,0.4042584248752245,68,0.5441176470588235
7,0,340.640625,71.1990111248455,106.5139832933012,58.46339666834283,,,,1.165030010188267,0.32999702126330266,63,0.38095238095238093
7,0,370.640625,69.14361001317522,63.67044294551474,46.66337363703132,0.2966717220746718,0.7813503821999515,1.3257126091031353,1.994713723824777,0.8738967992182469,45,0.5333333333333333
7,0,400.640625,70.4881101376721,96.58319684187353,83.95209561739738,0.25495762827873236,0.8490694069330125,1.179980381122485,2.0615354973896096,0.45203927675433636,51,0.5294117647058824
7,0,430.640625,67.52378206976073,92.81107119744357,78.91595226524117,0.2607018323854544,0.8124453838532214,1.2633220672838088,1.6547400339243932,0.3152452123520909,64,0.515625
7,0,460.640625,70.88082901554404,112.67822900727057,66.29126073623883,0.3270921722989756,0.7530044976958332,1.3253688443758027,1.7761684037568888,0.6472838033662015,62,0.5806451612903226
7,0,490.640625,71.37546468401487,185.4348869580273,78.5499804698778,0.30157159189119503,0.7795041911054406,1.1737749643761661,2.189174145560045,0.6575906071182113,54,0.6481481481481481
7,0,520.640625,66.23345367027677,173.6411011380361,98.66664797121163,0.27329055943605146,0.8046093467871543,1.1621627226852715,1.7581019351759408,0.49272080519875905,50,0.66
7,0,550.640625,66.49915110356537,96.86709328897459,79.94409939312455,0.26473278049731414,0.8196269389203503,1.2131103280895712,1.5626727704174401,0.3453527815533916,55,0.7818181818181819
7,0,580.640625,69.51179374657158,91.52888933478789,43.397817176838345,0.2917201447652505,0.7812126202689885,1.18690915884854,2.4550015514927654,0.5229157748042655,46,0.8043478260869565
7,0,610.640625,63.452991452991455,187.90046007705112,165.95598105765734,0.27896783097744066,0.8210602220327846,1.1756744044702727,2.482536639214268,0.7237516303323768,43,0.6976744186046512
7,0,640.640625,62.80715100798784,180.73039086793887,162.40660949615233,0.3046819229847273,0.7949741133037904,1.3383088128268603,2.024850076042835,0.4091047779923709,50,0.76
7,0,670.640625,67.11086837793555,186.18212827358823,140.97179460799953,0.3880569812852283,0.7118511082454033,1.3263879162694059,1.9492708337252402,0.4961968404631512,46,0.6956521739130435
7,0,700.640625,69.49211908931699,140.39145780542057,117.34364597199117,0.3324170352990087,0.7839617223756296,1.2916191785933624,1.7065500372939968,0.7624030842551999,46,0.6304347826086957
7,0,730.640625,69.20191246781904,111.72705611694366,86.85931600835356,0.3323470709381862,0.7823662887001148,1.2541282555734963,1.422577134728064,0.41305305933981457,56,0.8035714285714286
7,0,760.640625,71.72604635074369,84.5916245962072,72.67330623258798,0.30449670560068703,0.7951469897561826,1.1920334646432729,1.4111109796942114,0.27401454195423636,60,0.85
7,0,790.640625,74.18583256669733,117.35419212116003,78.09605945446168,0.2924270437582134,0.7881410324923592,1.2506112507968097,1.6421458921189205,0.3082987872585297,67,0.6865671641791045
7,0,820.640625,68.67535616853591,146.49759309883623,88.91160462785497,0.2508530544099589,0.83389872444883,1.2639909788506825,1.6055911365271043,0.36691600510289774,63,0.746031746031746
7,0,850.640625,67.17557251908397,127.17877067182226,96.76678263409488,0.22550550660969265,0.8705537752869129,1.1869132803474607,1.3208334204446845,0.6009536683114337,61,0.7213114754098361
7,0,880.640625,70.32967032967034,106.52693221967671,83.79321887893191,0.2740336882375494,0.7938329780107511,1.2638155822206891,1.2497290571261355,0.6134805969946581,65,0.5076923076923077
7,0,910.640625,70.0,78.4196632050211,55.36935868463298,,,,1.2065891899627608,0.40177781662280976,65,0.4461538461538462
7,0,940.640625,71.58699808795411,122.42869225421904,83.9088827528928,0.3545534662575539,0.7664472205747017,1.2256830390196027,1.87642203167194,0.9304856162250509,47,0.5319148936170213
7,0,970.640625,67.61263593992749,153.7575549659697,96.7039162520229,0.3463919077097615,0.7854326986043654,1.2034578402497038,1.8590586392514004,1.0434236234491887,44,0.75
7,0,1000.640625,72.33667334669339,156.27818316594735,104.46217553461274,0.35646813576761593,0.7591430118145431,1.1827923637879534,1.363132892170484,0.44724781695535964,58,0.7413793103448276
7,0,1030.640625,76.00950118764845,161.43316404655405,125.1524948718812,0.33453664437008124,0.7696200756836276,1.1661046411764127,1.2293910716897516,0.3735149168220837,61,0.5901639344262295
7,0,1060.640625,76.37860082304528,131.70065123545868,102.21599199678279,,,,1.1731392617016954,0.3011538170850548,66,0.48484848484848486
7,0,1090.640625,76.92821368948248,123.30993551558343,78.06119843770406,,,,1.4201237368247723,0.3739739213257881,67,0.43283582089552236
7,0,1120.640625,69.69555035128805,146.21214430495428,103.58026230241148,0.17031001708462776,0.8866237529955254,1.0500172033594501,1.4248166556321091,0.3906787229059924,65,0.5846153846153846
7,0,1150.640625,66.3157894736842,107.58596926834902,107.15958059230775,0.16428939923037955,0.8881401119956347,1.068051669412831,1.1743164524421648,0.24469506372940014,64,0.71875
7,0,1180.640625,69.8862528436789,106.53453057268584,81.95279569995898,0.23614345807406717,0.8243578608071049,1.1976133536619364,1.5212452703682187,0.4043811109038903,60,0.5833333333333334
7,0,1210.640625,65.84276933031381,137.95453121511818,106.48733661352675,0.2593628188762977,0.8451153077477627,1.2021545486551304,1.4707900833982792,0.5669943887543824,57,0.7192982456140351
8,0,158.53125,63.444413329599556,135.91724520261852,137.5,,,,2.3220796477437666,0.1435691639905565,61,0.01639344262295082
8,0,188.53125,65.3061224489796,96.52496219253955,128.96980405814492,,,,2.3631687001159065,0.17576966230615942,62,0.0
8,0,218.53125,66.33165829145727,77.11574530146665,88.30544469340495,,,,2.5903599073177848,0.47460225900621494,58,0.0
8,0,248.53125,65.78680203045685,105.85631735107113,89.9761253055498,,,,2.5850356157336005,0.46802105003622224,57,0.017543859649122806
8,0,278.53125,65.17836593785961,103.45298448700952,96.55779626145122,,,,2.3069833488841844,0.18754600333446939,61,0.01639344262295082
8,0,308.53125,66.78260869565217,75.56233272060389,79.06337491281387,,,,2.4237416712248723,0.15900803665721905,58,0.0
8,0,338.53125,68.8348271446863,44.66517299385986,57.59016720318293,,,,2.346338359340799,0.22287812814005592,59,0.0
8,0,368.53125,68.91220320265047,34.993949618696455,41.84430719849326,,,,2.319236659234292,0.20111248406003515,66,0.0
8,0,398.53125,68.98903775883069,46.11544907602379,44.53209159715659,,,,2.4664781462990497,0.27044867744970574,62,0.03225806451612903
8,0,428.53125,70.5666156202144,106.35717633678198,59.682066976519366,,,,2.5542343102762883,0.30501756484852055,56,0.16071428571428573
8,0,458.53125,70.9796672828096,110.94670664585418,103.5007934899476,,,,2.3449513391315726,0.23814739044465294,57,0.15789473684210525
8,0,488.53125,70.3030303030303,100.4046938187396,113.02044840238192,,,,2.2401660367901104,0.19484522297091775,63,0.07936507936507936
8,0,518.53125,68.37988826815642,92.77474763651804,98.63702971155989,,,,2.2263359792496242,0.3211520336989941,58,0.05172413793103448
8,0,548.53125,70.0979519145147,114.1540832629729,92.6585774721729,,,,2.5688724523558437,0.4938550415619421,51,0.09803921568627451
8,0,578.53125,71.96605374823196,93.70463343552399,108.42463665716906,,,,2.485161191764168,0.3240398879168197,60,0.08333333333333333
8,0,608.53125,73.96468699839487,90.62096657203877,100.29254084925758,,,,2.329993116150158,0.14525495204132782,66,0.015151515151515152
8,0,638.53125,72.18045112781954,127.09471715862006,111.90040834996488,,,,2.677203041034766,0.39230500406226904,62,0.11290322580645161
8,0,668.53125,68.05063291139241,130.00823369280147,133.42052317928747,,,,2.469466974920254,0.4111843670472501,61,0.09836065573770492
8,0,698.53125,67.12541620421754,101.34548504037878,112.34410701810944,,,,2.2094547570196093,0.14730347031824617,65,0.03076923076923077
8,0,728.53125,68.70561923399497,70.49096550340991,84.8190599657161,,,,2.1471786973209444,0.15760025004266467,66,0.030303030303030304
8,0,758.53125,69.98561151079136,44.66511745615338,62.5,,,,2.864151900542175,0.4434920728118406,44,0.045454545454545456
8,0,788.53125,71.26948775055679,71.07800878846658,99.7155044021832,,,,3.41509524350081,0.2895443228854793,32,0.0625
8,0,818.53125,71.11111111111111,131.13834536473303,116.90132741166697,,,,2.7012502530696647,0.22447345879622368,58,0.05172413793103448
8,0,848.53125,71.14247904719895,149.69036000398077,113.7517170200081,,,,2.9143826761384757,0.21626650659330102,53,0.1509433962264151
8,0,878.53125,76.53864851725814,120.11461196549715,109.94844263507686,,,,3.0410425574075575,0.19725323695525823,52,0.17307692307692307
8,0,908.53125,76.87687687687688,86.75459014684243,89.38711774177429,,,,2.873063333063119,0.10927808629269813,65,0.1076923076923077
8,0,938.53125,75.19173239053576,66.5152966971765,81.79772877636037,,,,1.8817151641076812,0.178949763578646,73,0.0547945205479452
8,0,968.53125,75.93860684769776,76.70218977236027,90.87060018412214,,,,2.089985541513966,0.2152297135525129,70,0.05714285714285714
8,0,998.53125,74.69908814589667,109.31187059941593,107.07815619486034,,,,2.1388284875389303,0.22034700146447228,68,0.058823529411764705
8,0,1028.53125,69.77914453452614,95.92087913528805,107.23349960483432,,,,2.082770890593049,0.16175800023795642,67,0.014925373134328358
8,0,1058.53125,69.63402571711177,94.01093037227788,134.3186284225927,,,,2.273789873032724,0.16016681650422873,60,0.05
8,0,1088.53125,71.52106430155212,116.74780801754635,141.6874547072837,,,,2.336690792821358,0.1765640057389106,51,0.0784313725490196
8,0,1118.53125,72.80505590666019,133.534605671244,141.685072531392,,,,2.338982996277006,0.25955884591568656,48,0.125
8,0,1148.53125,71.51147682979645,130.97400845768166,143.94942009912717,,,,2.1445114688411717,0.26315325362061404,53,0.11320754716981132
8,0,1178.53125,70.41257367387034,124.0719914832388,110.89898098889367,,,,1.781183913299442,0.19267744248991073,62,0.08064516129032258
8,0,1208.53125,71.26338329764454,156.91201197269686,117.1875,,,,2.1588700116339163,0.2257349148495259,57,0.07017543859649122
8,0,1238.53125,73.01247771836007,153.85561457242525,155.98936595699936,,,,2.387842132009841,0.34807909988575125,40,0.1
9,0,105.25,74.34488968932914,104.14157366645351,83.21487793111822,0.312229408021983,0.8073653198806257,1.191089832808696,2.407338432901589,0.21577661920402844,54,0.7222222222222222
9,0,135.25,76.55696202531645,78.18578024832209,55.22333046883514,0.2550544569904759,0.838299713986409,1.1891837997739,2.002458015561567,0.3029134180841131,69,0.8405797101449275
9,0,165.25,75.81718464351006,89.32962296658287,75.37476895003283,0.23728287016433272,0.8510757990533728,1.2014871439068378,2.1874857854125542,0.2831283291747347,62,0.8225806451612904
9,0,195.25,71.45135566188199,132.87157299706467,81.0341961660376,0.25744561114176906,0.8418064612195448,1.1752642135349656,2.2701150287933176,0.3315489338926262,49,0.7346938775510204
9,0,225.25,73.90188679245283,131.87947209218623,111.65938306611113,0.25410096088702977,0.8352064322193702,1.198194553559322,2.0052183282441516,0.39017355931280584,60,0.7833333333333333
9,0,255.25,75.8267020335986,93.89593646635468,89.89030613529344,0.23263819076002645,0.8531846927068254,1.1754678227535202,1.9101834660138544,0.30950434328309157,70,0.8714285714285714
9,0,285.25,75.78947368421053,147.10152773943867,91.50184323922917,0.23426910874243043,0.8409782797218455,1.1838195740484359,2.28589491363484,0.18039856441919924,67,0.7313432835820896
9,0,315.25,75.47459252157239,188.77157116077117,128.21389192803304,0.2945948150623732,0.78525055297555,1.1880598236635593,2.317377607844366,0.3306169768069758,50,0.56
9,0,345.25,75.32693984306889,62.09821931054387,58.30256170978319,0.2662270868433439,0.8383282666736598,1.1398394921693995,2.0929144889594804,0.2816681935634243,52,0.8076923076923077
9,0,375.25,75.0719291774253,97.69332115676758,71.22288714154865,0.2434742999849442,0.8609137432400417,1.154727331846817,2.157743648244621,0.3086528510329809,61,0.7868852459016393
9,0,405.25,73.44262295081967,144.08386284578515,110.89898098889367,0.2394565118490291,0.8678841791054435,1.1202574185923797,2.45652705352863,0.27748181339603883,48,0.5833333333333334
9,0,435.25,75.18624641833811,151.58626762346316,139.45272882803766,0.25467973228101937,0.8659760628985153,1.0995661994763357,2.3475851825180882,0.2290648683054933,54,0.6111111111111112
9,0,465.25,79.6079909536374,106.69516442826139,86.93528952742604,0.21877119655654398,0.8699256887070391,1.1552349281555412,2.013454377052587,0.48284965089826254,64,0.515625
9,0,495.25,77.02325581395348,59.81571168244304,36.767963804288,0.21533039005619345,0.8610078011681097,1.1749273926774308,1.6032635631076122,0.45899607124909686,72,0.6388888888888888
9,0,525.25,74.32933478735006,54.76357348994247,60.34221603251148,0.1947747170124243,0.8994643734090079,1.0778755897253463,1.4704119114561687,0.31270900115093325,72,0.9027777777777778
9,0,555.25,75.2,116.53597215140438,98.65410799175393,0.19862774637312428,0.8979444965653959,1.0282163729288663,2.6000682055423803,0.26162161208630885,55,0.6909090909090909
9,0,585.25,74.89720611491829,162.4903446253699,142.98099512559446,,,,2.7854441254481612,0.2010147801364506,48,0.4166666666666667
9,0,615.25,74.58379578246392,133.3585998359689,102.61525863314786,0.29903219446136364,0.8008982474149283,1.0869081959672622,2.724400240275454,0.21016150805822836,46,0.5869565217391305
9,0,645.25,77.96954314720811,61.22695418975893,45.005143738943474,0.26702256604488755,0.8255208325615544,1.1991678102960317,2.8040113025786577,0.2690870422282861,44,0.6136363636363636
9,0,675.25,77.83783783783782,133.64065893714326,53.86060780876328,0.29390927956124957,0.7926855901484757,1.243468971069274,2.631600988842751,0.4125454896832858,45,0.5777777777777777
9,0,735.25,79.94448299791812,84.34140188873712,69.95648505418467,0.2991694041341007,0.7928414468033856,1.2143152899506835,2.452799998921885,0.2757159455095979,46,0.6739130434782609
9,0,765.25,78.32835820895522,95.20279322000087,71.41306875417754,0.2447816248867643,0.8284039527742064,1.1797488588919132,2.472025512617905,0.35396278096784095,52,0.6923076923076923
9,0,795.25,78.51640513552069,126.01033068729913,94.26939455623973,0.2877414281850013,0.8001827078691779,1.156663694035406,2.496096889949741,0.32393063966203595,55,0.5818181818181818
9,0,825.25,79.65065502183405,125.00833453722018,109.67506915096625,,,,2.5115701554080427,0.3044639122970165,54,0.48148148148148145
9,0,855.25,76.19047619047619,108.83592804287812,82.30979494416202,0.274767606358111,0.8152674198718218,1.2367067406072212,2.4839842494753506,0.335427669242944,58,0.603448275862069
9,0,885.25,74.73382942186605,119.43177405843886,81.56489460086368,0.24801023756548077,0.8457377881956873,1.237933991961945,2.5134838926293273,0.32324222950347836,46,0.5869565217391305
9,0,915.25,78.73015873015872,138.56768694124656,47.87702164283915,0.3653853036342264,0.7588766638389243,1.219543789538832,2.649576908320935,0.22788066808777846,44,0.5909090909090909
9,0,945.25,75.20564042303172,127.6586679041867,80.49611267263411,0.2754508051802967,0.8259394642068759,1.1369891344361125,2.604676022143323,0.1697718262727887,57,0.6666666666666666
9,0,975.25,73.22033898305085,116.14381622789823,115.76099359840035,0.2202360477620098,0.8790263133745626,1.11014515039027,2.543217999735034,0.2842931757025937,54,0.6666666666666666
9,0,1005.25,72.29693383539538,139.2792752632535,125.48733128288289,0.2878828383864647,0.7935113411897369,1.2703440340201673,2.5323524495721803,0.38396816489626845,49,0.673469387755102
9,0,1035.25,75.9978009895547,129.1977149224035,43.783056294855875,0.33333549070195834,0.7370039340405855,1.3024283797736407,2.632891022506724,0.332922455453311,50,0.72
9,0,1065.25,76.20998719590268,86.29674533580405,51.085997052299824,0.2726689610376102,0.807078629779934,1.2161320823386848,2.3734894641892925,0.3601929524304359,66,0.803030303030303
9,0,1095.25,74.74809160305344,118.17131963515398,72.66533373448571,0.23856335996335618,0.843795972163262,1.2008259119677234,2.3848386261878587,0.3282394318645727,59,0.7288135593220338
9,0,1125.25,70.75697211155378,184.57089436815426,121.33730328500903,0.2735494876543,0.815867629669959,1.4085630506421754,2.7801598876535647,0.26477724783917045,50,0.52
9,0,1155.25,73.81235697940504,148.5322665735874,82.2356085433798,0.33160215006813293,0.7676742114488253,1.456104300462436,2.7439683765773855,0.2429321418091718,52,0.5961538461538461
9,0,1185.25,79.02712815715621,123.23048866419579,81.18988160479113,0.3718630941268593,0.7381541537403532,1.2894441409457957,2.678638260555133,0.2508386976496097,53,0.7169811320754716
9,1,2232.25,74.52054794520548,139.34260042828845,134.375,,,,1.9997755674800126,0.3211460591527957,46,0.391304347826087
9,1,2262.25,73.4859287054409,141.65743013430287,142.4576760063318,,,,1.9016691719337455,0.25335804058097194,58,0.3275862068965517
9,1,2292.25,77.07609346914322,125.08654003424418,128.6345261795255,,,,1.820491046540362,0.22129752175065578,70,0.21428571428571427
9,1,2322.25,77.5136174303108,111.79020445096214,101.3054001073442,,,,1.84041043850069,0.28158992623764256,68,0.25
9,1,2352.25,73.29798515376459,137.77633128610017,129.319885603491,,,,1.9285194480722627,0.29445652523379284,61,0.36065573770491804
9,1,2382.25,74.95890410958904,132.08894105783685,129.54541391459733,,,,1.8435283959816422,0.2135333875681695,64,0.28125
9,1,2412.25,79.12087912087912,126.52654511729219,92.86500173797509,,,,2.030335540900332,0.27258306631672813,56,0.30357142857142855
9,1,2442.25,81.82648401826484,152.3191054038585,96.5423605973351,,,,2.693807622432777,0.4866734950336412,43,0.4186046511627907
10,0,92.859375,86.61654135338345,124.10393109924325,113.50380161373111,0.28618249102573257,0.7932417085332407,1.2226950181202578,2.7429560494461938,0.25943328781113,46,0.5
10,0,122.859375,92.57142857142857,61.96266219216137,49.063495212836195,0.32798252545787077,0.7645401524870354,1.2541521990217697,2.552349410715909,0.28739748997096004,59,0.7796610169491526
10,0,152.859375,97.39649384558,34.60491468034593,18.112536124015048,0.34008880886929355,0.7425512188305903,1.2259063494370006,2.553587164498447,0.16537983719760366,72,0.875
10,0,182.859375,101.3048128342246,17.949693758931648,16.165816612858237,0.3633826517267959,0.7080164073706009,1.2564435120127015,2.6454983543851713,0.16248752568315822,79,0.8987341772151899
10,0,212.859375,102.36897909724327,31.159560058555247,30.833623143842026,0.37940237601655197,0.6813913889444304,1.258346964154582,2.182314559526339,0.3201106201639447,93,0.8602150537634409
10,0,242.859375,101.26582278481011,56.02903295420851,39.218438743784795,0.381548013492265,0.6788079751171232,1.2602986595412096,2.0218002726629,0.23648747576740775,80,0.6875
10,0,272.859375,95.74612769172649,89.4917870925715,76.29869664623239,,,,1.9612235542016518,0.20308342591811487,74,0.4594594594594595
10,0,302.859375,95.21890740023247,59.38770537490214,43.24686779017313,0.30114830779987245,0.7730451887366054,1.2336727235990377,2.219536342542804,0.19534614283857857,72,0.5972222222222222
10,0,332.859375,97.18518518518518,38.610186154013306,23.912403533797224,0.34357415990372664,0.7343169919898903,1.2514435743411194,2.215912039231508,0.20283191068813247,49,0.5918367346938775
10,0,422.859375,106.50455927051672,16.44761875961051,19.136638615493577,0.31761609491075093,0.7643983200827895,1.169808298026959,2.1693146892170745,0.25490344912099444,78,0.6794871794871795
10,0,452.859375,105.77962577962577,44.15005384110776,24.04091431756475,0.3531321644204962,0.731832018987062,1.189382986447634,1.9617486962188155,0.28814602017362,60,0.5666666666666667
10,0,482.859375,104.68920392584515,28.427195935406644,18.716001785266183,,,,2.50271487682619,0.16725350150246,30,0.36666666666666664
10,0,512.859375,101.61137440758293,22.019495949914155,16.223874732261866,0.2901429738006557,0.7621254662554883,1.1884725486447911,2.464940445958652,0.16350359817893956,73,0.6027397260273972
10,0,542.859375,101.78649237472766,41.93114903073002,28.23202675258763,0.2998278922777246,0.7567127248894644,1.1970734319017107,2.192174397121951,0.15551568351772202,80,0.6125
10,0,572.859375,99.8019801980198,46.84171776246515,53.15125401692258,,,,2.7324556730433343,0.15182209441902336,56,0.48214285714285715
10,0,602.859375,97.62711864406779,41.509221209296356,60.20422974215478,0.34368822870769594,0.7410872713656715,1.1324182445729303,2.6700281344560466,0.16203177756757176,42,0.5714285714285714
10,0,632.859375,98.06451612903227,91.29140436159882,24.206145913796355,0.347073164333073,0.7183542208316589,1.1500513696190817,2.594117997365134,0.21643640397381114,48,0.5416666666666666
10,0,662.859375,100.96101541251133,92.27483027362672,48.997103443298904,,,,2.5015110028507905,0.15660918558416692,68,0.4411764705882353
10,0,692.859375,95.71847507331378,115.05972713692454,56.177968785185435,,,,2.737316520216632,0.13980258575271218,63,0.4126984126984127
10,0,722.859375,87.15953307392996,117.96268471107165,74.14637675021744,0.37019134799033643,0.7018218180461681,1.2467059404829417,2.7209785304072516,0.22511923637094383,46,0.5869565217391305
10,0,752.859375,96.83215130023642,25.291077342018465,19.515618744994995,0.30957348729305917,0.7551258102068551,1.2852647468371865,2.205455648372083,0.19196547287074717,43,0.7209302325581395
10,0,782.859375,87.51139471285323,88.99851502740556,74.15508704413885,0.28797099448562113,0.7848095424113471,1.209176777360844,2.4821279983798283,0.44585925530025566,37,0.6756756756756757
10,0,812.859375,87.48576078112286,111.16583551291463,84.52080799244439,0.2997172095677755,0.780633153803159,1.2192427886552102,2.7063214399785354,0.2870647670939767,38,0.5789473684210527
10,0,872.859375,95.56561085972851,67.70947150849894,62.14387174496409,0.2688471767017435,0.8143745087483599,1.1501931027417958,2.468364824206289,0.11902210169740873,45,0.5777777777777777
10,0,902.859375,93.10344827586206,67.62998088884287,60.19602026100362,,,,2.3527709298076553,0.26006034179001547,57,0.47368421052631576
10,0,932.859375,89.51351351351352,61.17300642783435,49.25832124157767,,,,2.1349045605068917,0.21494427736896654,76,0.4473684210526316
10,0,962.859375,91.0948905109489,56.87317830348204,27.124178745818927,,,,1.9198009274234362,0.24424520071543815,82,0.4634146341463415
10,0,992.859375,93.4369719499831,53.81821195708772,30.257682392245446,0.17591025141287875,0.8749478879095846,1.0959326634316897,2.195103242131147,0.2958534086442264,78,0.5512820512820513
10,0,1022.859375,96.43049327354261,37.665978868527425,30.866549895299674,,,,2.1056220180491336,0.24804170477126555,88,0.375
10,0,1052.859375,101.24490350638762,37.41631712981735,57.07671561016585,,,,1.0638921481759014,0.20626150254497222,98,0.14285714285714285
10,0,1082.859375,102.74705672493756,34.345554546653005,53.21683239352,,,,2.17794652673136,0.17975115567936992,82,0.08536585365853659
10,0,1112.859375,99.55555555555557,26.874697188216526,19.52172023607576,0.383214842948891,0.7028806278642987,1.2633306458167721,2.47262538512428,0.20448219699247522,60,0.5166666666666667
10,0,1142.859375,96.0,55.88521655362251,56.33673867912483,0.3608122550179023,0.7192658986768277,1.2506843890900428,2.634634995095578,0.13438841574265664,63,0.7619047619047619
10,0,1172.859375,96.66337611056268,47.19458052968103,43.7111628862647,0.29841962173587105,0.7817852733998252,1.2156582298998766,2.5827012788183876,0.14289926072050596,64,0.65625
10,0,1202.859375,100.00713521227256,27.280398589696397,19.090358889665534,0.28990318062394266,0.7698077357620083,1.2445111087068406,2.096015422524284,0.33349668201221944,81,0.6049382716049383
10,1,3222.859375,107.32919254658385,109.35019560008924,115.7970393702839,,,,2.5522675731473723,0.17381414476211668,54,0.1111111111111111
10,1,3252.859375,110.13953488372094,73.53031352213996,68.693794867937,,,,2.5073677621469135,0.20985380287336078,84,0.08333333333333333
10,1,3282.859375,108.53801169590642,69.86655526946215,31.85685277342147,,,,2.704672019204487,0.18193501651206548,70,0.04285714285714286
10,1,3342.859375,93.02043906131718,128.55543202133677,89.34392512376955,,,,2.70538166877373,0.3081413416357613,49,0.14285714285714285
10,1,3372.859375,97.48709122203098,82.27229819885011,92.20990601246118,,,,2.088087358834956,0.13958269916778693,72,0.1111111111111111
10,1,3402.859375,103.41113105924596,100.19290697426912,119.20746829088993,,,,2.384714099811164,0.17084407333025636,60,0.13333333333333333
10,1,3432.859375,100.50163576881134,112.20958069118629,123.16185495699294,,,,2.544953746887719,0.4961598922284004,61,0.09836065573770492
10,1,3462.859375,93.05331179321486,90.05182319965499,118.54185325680416,,,,2.4709644575471175,0.6450544295116429,68,0.04411764705882353
10,1,3492.859375,93.89961389961391,159.745613882949,125.9933931060791,,,,2.522685476262729,0.18235490999604273,69,0.08695652173913043
10,1,3522.859375,100.6113537117904,91.55956476468407,126.9070752399871,,,,2.321326754859519,0.23257629373453825,56,0.05357142857142857
10,1,3582.859375,114.54545454545453,67.13643546735189,70.3125,,,,2.8996966105751962,0.18521110699553156,33,0.12121212121212122
10,1,3612.859375,105.55894929749542,139.96407536463337,108.02741260902253,,,,2.574225403720091,0.35825387962242095,58,0.1206896551724138
10,1,3642.859375,106.08622854750942,121.25457518162641,100.2745074874559,,,,1.6990397821167527,0.12551849994382835,78,0.14102564102564102
10,1,3672.859375,107.23404255319149,90.83301423199224,87.74027770168516,,,,1.875402128196271,0.20619097870398373,90,0.12222222222222222
10,1,3702.859375,102.06535947712418,141.7536861576303,81.78285805959482,,,,2.6212920265048085,0.15047593320627095,71,0.09859154929577464
10,1,3732.859375,96.38554216867469,153.85148882037151,103.05395279900718,,,,2.37296047553297,0.11979785191803023,66,0.15151515151515152
10,1,3762.859375,100.64957264957265,91.9955859792953,69.63407269333821,,,,2.0615060954979234,0.15546605591079063,60,0.15
10,1,3792.859375,100.37929267042541,90.56264758306762,42.68632935044467,,,,2.122010152197105,0.16138079395161742,63,0.09523809523809523
10,1,3822.859375,98.0,114.5836353003133,65.10016013312851,,,,2.272527718830166,0.18107059148804783,64,0.078125
10,1,3852.859375,90.7563025210084,146.7201122921125,113.7517170200081,,,,2.5163717415834697,0.20822284092161836,60,0.15
11,0,85.625,73.06256860592755,129.04802110195234,122.219275885706,,,,2.486614720867757,0.2504357050284072,59,0.06779661016949153
11,0,115.625,71.69620253164557,111.33069837621215,106.9371164516792,,,,2.3019971525320595,0.2715489587544069,64,0.109375
11,0,145.625,74.96503496503496,118.67960731120695,115.11273990280587,,,,2.210508813496099,0.1651078101082752,70,0.12857142857142856
11,0,175.625,75.60732113144759,126.66071731743908,141.06545321291082,,,,2.323766621781773,0.14297987124032044,72,0.1388888888888889
11,0,205.625,74.07324573665082,133.38229816097214,147.16138803741407,,,,2.4156782565306396,0.18335566181719462,71,0.18309859154929578
11,0,235.625,73.97747480735033,131.44757836442858,134.90579625663372,,,,2.43877397888923,0.18815797084040567,68,0.19117647058823528
11,0,265.625,75.26951976478276,139.08620378186532,131.6585902058806,,,,2.43283855878457,0.2074470221864514,65,0.2153846153846154
11,0,295.625,76.5582371458552,130.35373304132932,118.9518450475544,,,,2.3590772385857637,0.31292802682409976,65,0.2
11,0,325.625,77.51158173395103,97.76863410393531,112.69317379706077,,,,2.319741132628936,0.2660098542785873,67,0.11940298507462686
11,0,355.625,75.68695652173912,84.36453289219662,119.07533874852896,,,,2.326573323370957,0.19408046297771345,70,0.12857142857142856
11,0,385.625,75.43595263724434,64.43217691786015,86.28192025171869,,,,2.3331272709904085,0.15884932824092413,74,0.16216216216216217
11,0,415.625,77.38035264483626,87.305104578778,97.76036117029147,,,,2.6461322883700715,0.20908056120196292,65,0.13846153846153847
11,0,445.625,79.6595744680851,135.89351447232875,139.19995547472948,,,,2.8597501309929942,0.1992936589287985,49,0.08163265306122448
11,0,475.625,73.63891487371374,177.72573727670616,129.79099785809493,,,,2.9460992611028103,0.20480512519214783,51,0.23529411764705882
11,0,505.625,74.4083044982699,145.92836170254333,154.54802213497697,,,,2.7121066065285624,0.1842888755166959,64,0.40625
11,0,535.625,75.5657592653329,127.11699346415418,133.3475741092928,0.14948935380226577,0.9088794672403391,1.0538369799639589,2.4810706814959453,0.1916327157538628,65,0.5384615384615384
11,0,565.625,72.63255813953488,121.85080588633902,129.6281142994332,0.14021332748396653,0.9034839554051622,1.0402662839372168,2.3599553323665594,0.27546790976620894,65,0.5384615384615384
11,0,595.625,70.99159663865547,122.77855620439738,135.67040673408795,,,,2.405048351758135,0.18539101215492407,68,0.4852941176470588
11,0,625.625,72.00671704450042,112.45619608662983,122.9652093412333,0.10999888001952449,0.9356658073075576,0.9445235430731069,2.3647322808293465,0.20346001300549338,69,0.5797101449275363
11,0,655.625,73.61449982572324,119.10140942958853,120.96493411450314,,,,2.5135163526888915,0.2638696646263989,63,0.49206349206349204
11,0,685.625,73.78309137489326,161.55605547098332,173.09740918968666,,,,2.884512973246237,0.30778543150811366,54,0.25925925925925924
11,0,715.625,75.56626506024097,147.9113987306879,157.46721397663737,,,,2.8359532598082238,0.29751355991074013,55,0.38181818181818183
11,0,745.625,76.23824451410657,137.06529991328787,152.93355379052696,,,,2.6833805649187257,0.19654533720629064,63,0.3333333333333333
11,0,775.625,71.25773195876289,167.59992614275092,185.00125369085342,,,,2.7208759135051706,0.2071693663971254,53,0.16981132075471697
11,0,805.625,72.07333042339589,160.73639413579775,162.50096928991312,,,,2.958204480355408,0.1747130581803925,51,0.17647058823529413
11,0,835.625,74.65149359886202,133.50228870674474,165.7400315690694,,,,2.9846519937414464,0.20359474141710382,52,0.28846153846153844
11,0,865.625,76.41791044776119,129.774592499013,140.8689290645075,,,,2.8553643454293773,0.1842990319959215,57,0.24561403508771928
11,0,895.625,76.03960396039604,148.18331564911315,132.01991806255563,,,,2.6992325147202196,0.21512899697174215,60,0.21666666666666667
11,0,925.625,71.5673693858845,147.12648145532302,167.0487157613012,,,,2.524178127725136,0.22570073203134888,65,0.26153846153846155
11,0,955.625,70.55421686746989,116.76866180960546,140.06124135898023,,,,2.4485148821407297,0.22796627738595793,65,0.16923076923076924
11,0,985.625,72.83860232945091,113.05027198519832,97.87044329220527,,,,2.457681805113752,0.25211739587879006,63,0.19047619047619047
11,0,1015.625,79.00621118012423,105.32239768534922,104.92396714199265,,,,2.542624475590742,0.23828544523077544,64,0.328125
11,0,1045.625,75.75832305795315,147.0209666018276,146.0901418489781,,,,2.2272733341437485,0.21017840824542913,69,0.34782608695652173
11,0,1075.625,70.72230215827338,141.72791938614478,164.6755448831039,,,,2.1800888543981696,0.21440125618263756,67,0.2835820895522388
11,0,1105.625,71.9386886176554,132.51919398790488,140.61028642423386,,,,2.344094322912508,0.19520240619030102,68,0.35294117647058826
11,0,1135.625,72.24312590448625,121.38418953616224,130.85686194833468,,,,2.4310683960164066,0.2452184878280602,69,0.37681159420289856
11,0,1165.625,72.38095238095238,139.76738277435828,149.47061392859632,,,,2.4860200529471053,0.20949864232169121,62,0.27419354838709675
11,0,1195.625,70.03647733194371,143.5303285923931,169.6996727758112,,,,2.8844502310616895,0.15236201074643083,48,0.25
11,1,2447.625,96.0,183.65447543186593,132.69756055830493,,,,0.725424878904249,0.31538998760071896,47,0.19148936170212766
11,1,2507.625,116.01208459214502,102.69388071241566,118.61114414600762,,,,0.152158238445581,0.11983835897427099,48,0.25
13,0,87.90625,73.95993836671802,210.3057669798905,56.84428711789054,,,,3.2079548257370143,0.15506572349689796,35,0.11428571428571428
13,0,117.90625,78.04878048780488,176.31573833136207,86.49966529176997,,,,2.980190604052237,0.28742305662088774,37,0.13513513513513514
13,0,147.90625,84.33768016472203,116.85836676265194,107.98220339481871,,,,2.851909937397334,0.2078793640396643,44,0.18181818181818182
13,0,177.90625,84.41132637853948,119.00964416690805,107.14194531591458,,,,2.50474996001979,0.24592054383794804,67,0.22388059701492538
13,0,207.90625,85.16129032258064,119.9138355130182,149.86973510352246,,,,2.8258105687051667,0.2821546947942537,46,0.13043478260869565
13,0,267.90625,86.5664739884393,123.83747964453188,117.67606489851707,,,,2.798470118398781,0.3151360010507503,55,0.2
13,0,297.90625,86.07982504100602,123.22361061360131,146.8337249414194,,,,2.88843169242984,0.1926562104391262,55,0.2545454545454545
13,0,327.90625,86.45403377110694,94.14907619890458,119.45150980395536,,,,2.9542818295803266,0.158498880878707,50,0.36
13,0,357.90625,86.29213483146067,77.50291116612419,92.1512225968107,,,,3.002359999942475,0.19622949236762458,44,0.22727272727272727
13,0,387.90625,85.47945205479454,167.91180931373938,69.41990810498345,,,,3.0405918170865873,0.10990530741447771,59,0.01694915254237288
13,0,417.90625,85.37960954446855,196.88392232008243,71.97471004956358,,,,3.284063269688404,0.1828384472303415,51,0.0392156862745098
13,0,447.90625,89.37399678972713,123.98322225676324,103.33411811742171,,,,3.169661998245016,0.20567021365850408,44,0.18181818181818182
13,0,477.90625,87.27272727272728,117.6207269857939,72.8320667232629,,,,2.8602878381874723,0.27149712518673186,55,0.14545454545454545
13,0,507.90625,84.08759124087592,141.09956300976845,126.80384503743988,,,,2.6765888574464625,0.23005308556752763,63,0.06349206349206349
13,0,537.90625,84.70588235294117,130.68023461085735,135.14287533868625,,,,2.0926304842662375,0.20929123111412562,73,0.2054794520547945
13,0,567.90625,82.79010779961953,130.3101738111994,130.4493383631591,,,,2.024355355627221,0.24077924760969335,73,0.2054794520547945
13,0,597.90625,85.16875602700097,117.5618753561045,113.2324694317875,,,,2.39912785535515,0.13196461258661588,74,0.05405405405405406
13,0,627.90625,82.9925187032419,133.05522746870798,118.58541225631421,,,,2.616837234471067,0.14921486199546977,60,0.11666666666666667
13,0,657.90625,78.53429910524073,129.3395495412012,140.1903003509872,,,,2.6260724101449675,0.1569605903204846,57,0.08771929824561403
13,0,687.90625,78.52760736196319,171.52134361094122,131.25620025037546,,,,2.723593963187872,0.15420160959141832,51,0.058823529411764705
13,0,717.90625,84.00690846286702,157.84272250146654,74.63258770904402,,,,2.828235073836187,0.17859454715855763,49,0.08163265306122448
13,0,747.90625,84.79495268138803,104.62140326354515,74.59996143963394,,,,2.6210670411220023,0.20094881440325682,59,0.22033898305084745
13,0,777.90625,82.2109770338653,170.43994571313664,82.64538590294386,,,,2.742609378398848,0.19962907477959957,62,0.20967741935483872
13,0,807.90625,85.55440414507773,149.25601793731428,79.57926770513065,,,,2.881577299645474,0.13762640656534753,53,0.03773584905660377
13,0,837.90625,85.213103205354,97.6536497989728,72.26939541322355,,,,2.4833687329970595,0.20357473310843213,70,0.15714285714285714
13,0,867.90625,85.14645496851902,42.83394609060554,48.53820177190334,,,,2.355287524156947,0.2201696005763432,82,0.2073170731707317
13,0,897.90625,86.98621142481943,86.84246781971554,80.43461047646095,,,,2.612275549996804,0.2548663914605616,74,0.21621621621621623
13,0,927.90625,88.8,90.69123278681293,87.49279924287963,,,,3.0348993160338686,0.15971057264416832,51,0.37254901960784315
13,0,957.90625,82.81150159744409,162.85026900180458,105.39638721275033,,,,3.3569734241068683,0.09156746636796298,39,0.41025641025641024
13,0,987.90625,83.86617100371747,112.48189063053488,98.56077806959628,,,,2.8490502734228524,0.105082926056914,54,0.3148148148148148
13,0,1017.90625,85.35931790499392,74.7760124037928,78.83409812748243,,,,2.259922649038496,0.1991028201130356,77,0.19480519480519481
13,0,1047.90625,90.26589595375722,67.4820198426898,49.90224819584785,,,,2.699501007303872,0.16294921074262236,69,0.13043478260869565
13,0,1077.90625,88.84318766066838,103.79906728843712,57.60042094976167,,,,2.7532960104932953,0.19809833728804851,55,0.14545454545454545
13,0,1107.90625,86.13931523022431,94.58092373038873,68.76304375334537,,,,2.812363220388226,0.22708755298789293,67,0.26865671641791045
13,0,1137.90625,88.36495761001213,52.24706017035059,44.785966349546875,,,,2.8648347211565257,0.20444461953529905,65,0.24615384615384617
13,0,1167.90625,87.31997834325935,53.06983497448368,31.25,,,,2.8041670929078393,0.24296638528847705,50,0.18
13,0,1197.90625,82.04273058884836,148.4876359490096,57.63728273962212,,,,2.7801847567100912,0.22435601304791852,53,0.22641509433962265
13,1,3500.921875,92.59984928409948,176.954112477662,123.27917060983984,,,,3.238336951497634,0.169665590662565,45,0.08888888888888889
13,1,3530.921875,95.82255083179298,137.3774261028184,95.58242086090715,,,,3.254673139748833,0.11651904339888035,43,0.06976744186046512
13,1,3560.921875,92.97820823244552,120.41356872183295,91.27594879334315,,,,2.659318467614363,0.14231989496620964,48,0.041666666666666664
13,1,3620.921875,115.15570934256056,133.0928884167572,53.274147253851,,,,2.9440760215117794,0.15603165197533955,43,0.09302325581395349
13,1,3650.921875,113.92185238784369,100.06369446355218,63.01868109272572,,,,2.8312171047842787,0.11777583800279723,55,0.10909090909090909
13,1,3680.921875,107.82608695652175,122.7451190366111,54.599318002295504,,,,2.9579022032413813,0.14373794903826534,46,0.15217391304347827
13,1,3770.921875,90.48600883652429,157.20161327168933,108.47846848568614,,,,2.8498594438684046,0.25252290442542086,52,0.23076923076923078
13,1,3800.921875,88.53754940711462,152.76846031981665,120.78842556304804,,,,2.8200656406495987,0.20348682002388332,51,0.13725490196078433
13,1,3830.921875,85.79710144927536,161.68521548298958,118.66960496287773,,,,2.863281956714431,0.20166301825924304,51,0.2549019607843137
14,0,26.203125,71.68329578371419,127.21152452651788,168.039592618823,,,,2.4240418674687403,0.17654337172984017,63,0.031746031746031744
14,0,56.203125,68.76634451392836,117.06836515530439,168.10814416905836,,,,2.2535135138429925,0.14610571354082746,65,0.015384615384615385
14,0,86.203125,68.07616546290217,109.03833455814762,145.27621229589704,,,,2.302944797105873,0.18800439887410728,59,0.0
14,0,116.203125,68.46737481031867,132.8955857134753,132.88907106430284,,,,2.4702576519955577,0.20990245347461026,55,0.05454545454545454
14,0,146.203125,69.74209952778787,158.41642249003357,143.1824504076171,,,,2.450496663682869,0.22051654703423562,58,0.06896551724137931
14,0,176.203125,73.30207635632954,125.3397442790088,125.01992825839683,,,,2.3540915136023366,0.21553396444909814,63,0.047619047619047616
14,0,206.203125,71.52013147082991,106.53144493149041,118.45022812543989,,,,2.099963099523154,0.15451908260992636,69,0.057971014492753624
14,0,236.203125,72.09795918367347,84.63892604534851,108.25317547305482,,,,2.0005931376919746,0.13654998856856684,70,0.014285714285714285
14,0,266.203125,72.4087591240876,85.76700402471799,114.01968374473769,,,,2.0458186835598573,0.16684973425623692,65,0.015384615384615385
14,0,296.203125,70.35114503816794,112.16890376695794,130.422500151136,,,,2.1783718540809227,0.17317326965057117,64,0.015625
14,0,326.203125,72.97737556561086,125.4850898573121,125.7082209649863,,,,2.2188515505094077,0.1651761898716599,66,0.06060606060606061
14,0,356.203125,74.76896251089799,111.0098826410722,127.89613706050703,,,,2.102570571637391,0.1673748829037218,68,0.10294117647058823
14,0,386.203125,72.13721753335147,88.15019584731428,117.08980302595205,,,,2.1684562757289987,0.14370619746841162,70,0.04285714285714286
14,0,416.203125,72.4930594114381,71.01358539216436,108.57248228065014,,,,2.2047817890322126,0.14463861950423065,69,0.0
14,0,446.203125,76.18171362852213,110.07257984051809,122.6797885914634,,,,2.242543239532013,0.18544265237905078,71,0.08450704225352113
14,0,476.203125,75.26951976478276,136.38231658600694,128.03241428303556,,,,2.1605732356340277,0.2096551722542294,66,0.10606060606060606
14,0,506.203125,74.4973544973545,149.471550020639,170.29134602347767,,,,2.158568418722227,0.24234178758396238,63,0.07936507936507936
14,0,536.203125,74.34656340755082,137.75090863960983,158.96869477468618,,,,2.3034497826269775,0.17707842775252935,66,0.06060606060606061
14,0,566.203125,70.81203494014882,115.12385150177235,144.66201120685776,,,,2.2915626628459256,0.12523658389777143,62,0.0
14,0,596.203125,71.62303664921465,105.71665581806819,130.1041249666333,,,,2.110255271452919,0.1512360616697015,62,0.016129032258064516
14,0,626.203125,72.05167640725931,98.38144329375758,123.15992290025312,,,,2.1808662136298285,0.15425125933064776,65,0.015384615384615385
14,0,656.203125,70.1420701652653,103.11004038185304,123.3145296154744,,,,2.1066731024901784,0.14957202864468006,66,0.0
14,0,686.203125,70.4170363797693,117.73583265016138,157.17319857994826,,,,2.099471795749921,0.16226589223701612,64,0.015625
14,0,716.203125,72.10175651120532,129.55752436114258,184.04704548288842,,,,2.1387620091450983,0.15241191187668268,64,0.09375
14,0,746.203125,73.58410220014194,122.20768552179518,167.38994887825586,,,,2.327919128587976,0.204894317958285,61,0.11475409836065574
14,0,776.203125,73.97548161120841,123.59133666028032,130.0624182417384,,,,2.2164705026577938,0.203328471365971,62,0.06451612903225806
14,0,806.203125,71.9016968987712,136.2360384370553,147.0304777238957,,,,2.171515276232204,0.15601038889173527,67,0.1044776119402985
14,0,836.203125,73.82249279077219,125.24775720205722,146.59214785417396,,,,2.234046400188919,0.18083245848332685,64,0.09375
14,0,866.203125,80.05468215994532,112.27434012488402,125.46787437427959,,,,2.2480220264589104,0.15341469884999154,67,0.08955223880597014
14,0,896.203125,78.7749205431956,120.7629643874973,125.7141060435675,,,,1.963368390543515,0.1786244416193916,75,0.10666666666666667
14,0,926.203125,76.00824742268041,128.80630931313843,139.0916781566476,,,,2.508672588711235,0.14746500908635454,55,0.10909090909090909
14,0,956.203125,77.75700934579439,110.36204858771254,125.0,,,,2.40574240585652,0.14644395427698703,57,0.21052631578947367
14,0,986.203125,74.16757344940153,103.95355673567877,129.45255921723071,,,,2.13702874666783,0.18058649162036675,72,0.1527777777777778
14,0,1016.203125,72.58979206049149,116.53729644565433,151.85217163824163,,,,2.3439563962638266,0.18114991521737026,71,0.09859154929577464
14,0,1046.203125,74.47145588636984,116.23068899124827,142.47909660279996,,,,2.3331863597338502,0.18131184080028304,72,0.1527777777777778
14,0,1076.203125,74.64362850971922,105.15595370202671,129.45255921723071,,,,2.352680300106496,0.13036638121889066,73,0.1095890410958904
14,0,1106.203125,74.33830529990479,121.32908067012141,126.88260800417963,,,,2.265125208226193,0.15196380472389354,65,0.046153846153846156
14,0,1136.203125,73.28244274809161,133.18041637224576,121.07274683446174,,,,2.2295456397869677,0.16349302716570854,65,0.046153846153846156
14,1,1904.203125,114.20074349442379,146.64754533945168,99.08934881667678,,,,2.268527484773902,0.15932647783875015,63,0.19047619047619047
14,1,1934.203125,110.27027027027027,148.40488019948393,118.12943809540805,,,,2.2091214965144665,0.13809952924108512,54,0.1111111111111111
14,1,2024.203125,115.46391752577318,150.221136452847,57.15622518484712,,,,2.333470238872858,0.10327721579754946,59,0.0847457627118644
14,1,2054.203125,118.47549909255898,115.53395570041778,85.05452488814083,,,,2.228750567999353,0.107986822247571,61,0.16393442622950818
14,1,2084.203125,122.39043824701196,108.08936225112458,95.49163494123451,,,,2.255818807895382,0.07734413360997706,59,0.15254237288135594
14,1,2114.203125,128.8787185354691,45.15743131533802,56.139411492526996,,,,2.2486057770714107,0.09383590263643911,65,0.07692307692307693
14,1,2144.203125,119.5937711577522,94.7990073204845,71.86058814668775,,,,2.270100079464099,0.13527731965267795,62,0.12903225806451613
14,1,2234.203125,135.52941176470588,99.61045885925304,22.09708691207961,,,,2.499301169682213,0.08142921847947655,72,0.06944444444444445
14,1,2264.203125,135.43284645529036,60.69266336818963,30.774193667407776,,,,1.9282492102678224,0.08967145433473832,108,0.027777777777777776
14,1,2294.203125,124.90945674044264,61.029175770148115,33.511891546136276,,,,1.7450831779176683,0.1420905805222912,104,0.019230769230769232
14,1,2324.203125,124.37246963562754,22.7952544959205,19.282388159127645,,,,1.6444817681642783,0.15099780426293052,115,0.0
14,1,2354.203125,124.7179487179487,21.549979953673414,17.67269200752372,,,,1.5328087418475576,0.15084633450692442,117,0.008547008547008548
14,1,2384.203125,123.15210751374465,30.16295576574943,20.551478809321726,,,,1.668884545480023,0.14180180302451803,111,0.009009009009009009
14,1,2414.203125,118.31289261142688,36.79228394074801,24.34980382731186,,,,1.742684793510029,0.1319111939063346,108,0.009259259259259259
14,1,2444.203125,114.72378804960543,34.04246264964494,27.540790577451986,,,,1.7571835398516484,0.13480867540749444,109,0.01834862385321101
14,1,2474.203125,110.75825156110615,39.174426203303,29.743597960294846,,,,1.795624987250014,0.16841412945636475,101,0.019801980198019802
14,1,2504.203125,106.50587880615015,46.291244373496795,36.759896231222314,,,,1.7962585944759606,0.15124973273678985,97,0.010309278350515464
15,0,140.234375,79.44827586206897,158.45795744880138,144.33756729740642,0.21784993831809646,0.8547859799157916,1.062096169376965,2.766695198198812,0.5504277783996494,34,0.6176470588235294
15,0,290.234375,81.5353205389955,94.82934714471325,84.40655975423626,0.24479805492429926,0.8706161767331111,1.1215744195517368,2.472436342327892,0.4726709086925501,61,0.6557377049180327
15,0,380.234375,80.8594757198109,150.24673341504638,97.96825159362854,0.28405327965521865,0.8437338177923037,1.1670257025297939,2.083374993042252,0.26199136905948034,59,0.6779661016949152
15,0,440.234375,80.04632310364795,86.91498558788389,71.49267177085693,0.21969939302688105,0.8861466776594761,1.0433452061740616,2.424546253716373,0.5364042655935598,42,0.8095238095238095
15,0,470.234375,79.24629878869447,102.20584282253739,67.08282622493125,0.2594329487574695,0.8493649482904109,1.091725241604135,2.248523274951676,0.42455063764708006,55,0.7818181818181819
15,0,560.234375,83.41110217216412,116.72436378554224,98.40856056089157,,,,2.72312460920226,0.3659039784557831,48,0.3958333333333333
15,0,590.234375,81.14356743318832,120.27778844474791,105.13282994297349,0.23264056824753068,0.8500476881175573,1.0764715904045894,2.3706465153016074,0.21023754582462445,44,0.5681818181818182
15,0,650.234375,88.46652267818574,119.3836140886932,105.03728433842183,,,,2.8175991002310354,0.25743006644393535,44,0.4318181818181818
15,0,680.234375,81.47740667976424,106.1496428920153,83.55467059789898,0.21697661345004463,0.850599920840223,1.0993781201583817,2.637407363548839,0.5401716916700605,60,0.6
15,0,710.234375,76.48960739030024,140.7418762201697,141.58447927907662,,,,1.3821313554509649,0.24180107152271282,72,0.4722222222222222
15,0,740.234375,77.05685618729098,165.87162636899316,176.58323993233333,,,,1.4677594060709453,0.27164615430132477,70,0.44285714285714284
15,0,770.234375,81.4298697364435,138.47326501845257,137.13951570295623,0.2694579647328773,0.8706280061178124,1.1267230928216148,1.462728653498631,0.33990413015644605,74,0.6756756756756757
15,0,800.234375,81.41814389989572,104.66729935189986,99.77218300888525,0.29334204462175395,0.8385455099324334,1.1516267072461701,2.176457572297937,1.1044134332082054,66,0.6212121212121212
15,0,830.234375,82.41095890410959,75.33465126639422,73.67111981116324,0.2978486072774927,0.8037689488065443,1.160857346786174,2.148155858337562,1.2343456284283578,55,0.6727272727272727
15,0,860.234375,82.99420137058515,72.45219920726707,66.78050177010253,0.2677290997055773,0.8394801761668981,1.0688262396741266,2.1433556785139123,0.40078431138628745,53,0.7735849056603774
15,0,890.234375,82.13903743315508,75.92915138595109,78.15447557169577,0.22510971940841232,0.8909782056737252,1.0922739440006672,2.089654457383349,0.32135950899586635,67,0.8059701492537313
15,0,920.234375,84.38324055083504,71.71201654145169,73.59642757488787,0.27753301349532755,0.8567491610147298,1.1625295662263566,1.182434198813576,0.34358208982469934,79,0.9113924050632911
15,0,950.234375,82.45398773006136,128.11211905167056,87.61772833989959,0.28842386493795424,0.8476508163496452,1.1662790747308227,2.5772779422613543,0.40246045914837253,50,0.8
15,0,1160.234375,85.11082138200783,106.16673889833197,106.02397634395065,,,,2.2362289234657333,0.5179434724689288,46,0.4782608695652174
15,0,1190.234375,82.25705329153605,116.79303528336449,100.4951931893594,0.29792034900731224,0.7972624787673226,1.2824349811467495,1.6734431896456003,0.19965689162148043,52,0.5
15,1,3429.234375,76.62650602409639,104.62112102285262,148.51792729586847,,,,2.046767596502575,0.22020617211814866,61,0.06557377049180328
15,1,3459.234375,82.88797915891327,124.63584329293438,147.3306520135144,,,,1.9681085970465648,0.189642047060147,67,0.04477611940298507
15,1,3489.234375,87.87794729542303,96.70696099744477,90.16084842082489,,,,2.3224115027091505,0.8200787087649177,74,0.12162162162162163
15,1,3519.234375,84.18212478920742,78.30508091506825,75.61491868288529,,,,1.9344725580693176,0.17941941433473302,71,0.18309859154929578
15,1,3549.234375,81.17342536669543,74.40383183942514,99.27974628923974,,,,2.06847321721413,0.17375533521831507,60,0.13333333333333333
15,1,3579.234375,79.63931469792605,100.88115706236495,111.92810989967751,,,,1.6869286234198373,0.11643049408200697,59,0.1016949152542373
15,1,3699.234375,77.51846381093057,126.46106858388495,156.9256226422781,,,,1.999345888218291,0.38439311352822475,53,0.09433962264150944
16,0,128.375,63.233532934131745,188.2420508044128,155.34276087176755,,,,1.9993063407061449,0.2736563516338338,45,0.4222222222222222
16,0,158.375,60.17319587628866,165.43347158085126,139.33435506004972,,,,2.0510662408648366,0.257942653990816,47,0.40425531914893614
16,0,188.375,61.83770129460057,168.95979152437653,165.2837255627348,,,,1.8782109381299268,0.22957562924547206,56,0.42857142857142855
16,0,218.375,63.56377799415774,178.9230060545268,156.455457024978,,,,1.8870804079992238,0.22930068704100368,55,0.36363636363636365
16,0,248.375,65.3061224489796,188.1086239474658,147.3282981691102,,,,2.156802319893746,0.3002663262411289,51,0.23529411764705882
16,0,278.375,64.47174447174447,167.34253838291994,130.0102660209313,,,,2.066178582842201,0.3706886360622049,49,0.42857142857142855
16,0,308.375,62.11358734723221,154.72583636268152,141.60537889972025,0.17013428250350116,0.912440385182277,1.0639672450739952,1.761608675476462,0.3349025606503735,53,0.6037735849056604
16,0,338.375,61.56312625250501,138.61578802106897,159.18578186054094,,,,1.9339779398132944,0.30447786412687367,49,0.3469387755102041
16,0,368.375,62.270270270270274,141.09631058128033,143.39784178370957,,,,2.3228792374050222,0.35868101014897885,47,0.2765957446808511
16,0,398.375,62.33233660828705,174.80757827555422,152.26159643849792,,,,2.246536333359369,0.305992034744555,46,0.3695652173913043
16,0,428.375,62.83309957924264,193.2620838705171,153.2663500215003,,,,1.95096725871892,0.2204685904912622,43,0.37209302325581395
16,0,458.375,66.14354066985645,188.86942046321607,125.26605209240921,0.2430678598956899,0.830244134323468,1.1992293407127612,1.9648557292228919,0.2698044588098709,46,0.5
16,0,488.375,67.69604863221885,170.5967356910685,110.68023712346249,0.25040808373807766,0.8244345485155578,1.1908846969907012,2.004470661326491,0.2894211891302096,39,0.5128205128205128
16,0,548.375,68.09852216748769,164.015842760958,143.16842420805432,,,,2.0686397139298065,0.43641788855607877,46,0.4782608695652174
16,0,578.375,68.3076923076923,187.07036769865078,154.03256093938532,,,,2.0058645334861414,0.3164138516795766,50,0.34
16,0,608.375,67.0367054610564,198.2573622238142,137.43643865821258,,,,2.1922494330410123,0.19759623147454825,49,0.2653061224489796
16,0,638.375,59.77584059775841,166.87593154979612,153.55981544044474,,,,2.1697523990714953,0.28899149982111483,53,0.49056603773584906
16,0,668.375,58.09992962702323,167.2057161265687,156.74920254980566,0.17751727623546154,0.8913886656430278,0.9905441392008647,2.2101953730174255,0.38231696108367164,48,0.5416666666666666
16,0,698.375,64.15593456317438,154.57847891391603,109.6814902199774,0.14229640832739265,0.9144785767779872,1.1596090136939585,2.1267561026150785,0.2434762759195339,53,0.5660377358490566
16,0,728.375,70.02279387821557,167.88437457204412,103.90024806954526,0.20158706311059302,0.8561400690746441,1.2192639502552078,2.0587027289045126,0.27621469212924726,60,0.5333333333333333
16,0,758.375,71.37546468401487,176.92102075566734,130.9260522405798,,,,2.012008753527356,0.2900484963270219,53,0.49056603773584906
16,0,788.375,64.92753623188405,149.2043300866186,136.21559198564606,,,,2.024713077210051,0.7170013324872484,44,0.36363636363636365
16,0,818.375,63.12328767123287,129.46813417925333,111.05544058541523,,,,1.9504072495303104,0.6273135839234253,45,0.08888888888888889
16,0,848.375,64.24334600760456,164.94222323132607,147.45937282202348,,,,1.8138448405320537,0.326560602396912,52,0.19230769230769232
16,0,878.375,66.44668008048289,182.77650679500618,152.80578972997063,,,,1.9209639215670407,0.4751849699758316,53,0.39622641509433965
16,0,908.375,64.53781512605042,195.58159653775024,161.03010170556013,,,,1.7723898047355715,0.2995723833802587,56,0.4107142857142857
16,0,938.375,64.49387199273718,210.16753101804102,160.9505022486949,,,,2.314805789393964,0.31868031047303613,45,0.24444444444444444
16,0,968.375,67.53768844221105,174.60035621823457,171.23120769326846,,,,2.393144652027279,0.30012035108627627,44,0.25
16,0,998.375,62.79830405814658,164.48855528624688,196.23739343798198,,,,2.3019180125551855,0.2251033807890494,42,0.2857142857142857
16,0,1058.375,62.928870292887034,153.3179159135638,145.74029770451276,,,,1.6826885439188013,0.24550334226300247,52,0.28846153846153844
16,0,1088.375,63.41284403669725,156.94616924062908,153.25249794049037,,,,1.7417372348244966,0.26770560323861553,57,0.3684210526315789
16,0,1118.375,65.82857142857144,189.95053445204593,174.0176910777629,,,,2.279160219686966,0.4791489503063811,51,0.45098039215686275
16,0,1148.375,66.40895218718211,207.69803424477658,183.0019804923718,,,,2.3351672152213436,0.4840222224908006,47,0.3191489361702128
16,0,1178.375,68.09146056929539,239.03143218249073,190.57498368034013,,,,2.0430169180561193,0.3505637285598653,51,0.3333333333333333
16,0,1208.375,68.20603907637657,198.10189260407466,138.7829809231626,,,,1.8197509327614076,0.36621833739835885,57,0.3157894736842105
16,1,1988.375,134.50087565674255,96.95535662766379,33.415330748686564,,,,1.1924239500724798,0.20225613522982408,94,0.24468085106382978
16,1,2018.375,135.01787842669845,22.89626259000141,37.083142245169974,,,,1.198551301827171,0.10834213586038302,77,0.36363636363636365
16,1,2168.375,117.31874145006839,48.54826728396639,57.78708499999468,,,,0.9769972579904961,0.2008044887890964,78,0.23076923076923078
16,1,2348.375,147.15328467153284,24.37274720734514,31.004898176538173,,,,0.6756323930641047,0.09430859754112707,116,0.08620689655172414
16,1,2378.375,148.7444345503117,17.433287440785517,23.86758174456167,,,,0.7218884408259821,0.15882501095646903,105,0.18095238095238095
16,1,2408.375,140.61971830985917,24.252801879201193,27.429030641617203,,,,1.1794837471790987,0.17737245981576613,115,0.3391304347826087
16,1,2438.375,136.036866359447,24.240265770809476,27.139636174696875,,,,0.2576600267549634,0.22812495942095165,128,0.390625
16,1,2468.375,130.4508956145769,29.9715013546682,29.39500518212002,,,,0.24415502074419101,0.2578207940828979,118,0.3474576271186441
16,1,2498.375,127.67574414186194,29.287477506835074,31.990901385622855,,,,0.17889899047950217,0.24816829940844412,113,0.2743362831858407
16,1,2528.375,125.28162511542013,25.881272678096906,32.40068961457456,,,,0.08245707788489025,0.2849218437900661,113,0.3008849557522124
16,1,2558.375,120.69364161849711,91.65317211459443,30.15665479002935,,,,0.6091824384602899,0.19866563266051993,96,0.4479166666666667
16,1,2588.375,120.16689847009735,28.64798545634703,29.919597117385564,,,,1.5556068277488881,0.08578007330292875,58,0.3275862068965517
17,0,92.234375,71.23382226056945,161.33157779397652,176.56731858536065,,,,2.6555247447858887,0.3149107412263905,55,0.10909090909090909
17,0,122.234375,63.70631839039886,172.69757853223456,145.82403244150123,,,,2.663805316306125,0.14296406050211288,53,0.09433962264150944
17,0,152.234375,64.17344173441734,133.27195412954484,135.6168392322035,,,,2.741467590474568,0.2766313538408463,49,0.10204081632653061
17,0,182.234375,65.87562544674769,147.98479866928804,164.9899381401787,,,,2.5007883938356374,0.38425811491477835,57,0.15789473684210525
17,0,212.234375,63.008204193254336,123.8678336861156,154.8727567741219,,,,1.905351992577719,0.13183806943263301,58,0.10344827586206896
17,0,242.234375,62.20913107511046,125.41361493317247,154.6467223188333,,,,1.9515743894604145,0.1880262143719713,58,0.034482758620689655
17,0,272.234375,61.739879414298024,116.37195928954701,158.68636238550198,,,,1.8731939206954205,0.21013312798825312,59,0.05084745762711865
17,0,302.234375,62.85714285714286,122.78391221705961,152.27660652121529,,,,1.8303277386291579,0.13244092711649613,58,0.1206896551724138
17,0,332.234375,65.70342205323195,170.69617902750838,159.24857117687117,,,,1.9146604408353831,0.13695180269449742,59,0.0847457627118644
17,0,362.234375,64.98978698570178,176.8320379649125,161.95429902545374,,,,1.8194337303667887,0.15623433529863784,61,0.08196721311475409
17,0,392.234375,66.0966129927818,131.81686468120813,135.23999775038976,,,,1.8311622739962337,0.11353710549177412,63,0.06349206349206349
17,0,422.234375,66.88415814210671,104.61393511777928,109.02681699366671,,,,1.8585764454941227,0.09785604801151825,64,0.03125
17,0,452.234375,64.26778242677824,103.05395279900718,117.75902300885483,,,,2.2917237044040197,0.19031109410764988,59,0.0
17,0,482.234375,66.64738212322823,127.46158297031316,142.0325646508444,,,,2.2653499459933575,0.14573506408527476,62,0.04838709677419355
17,0,512.234375,65.35714285714285,135.06532158405366,132.6494654411324,,,,1.747191691536684,0.16448834851198235,63,0.1111111111111111
17,0,542.234375,65.08474576271186,180.3937659878846,150.083926630718,,,,2.40757561545679,0.22752592287228973,54,0.14814814814814814
17,0,572.234375,68.93044128646223,210.76654539199635,151.91914653305994,,,,2.7271747945166966,0.3522545311054686,39,0.10256410256410256
17,0,602.234375,70.35460992907802,177.3637880359224,151.4899955442603,,,,2.6129909999072543,0.2481229844781998,45,0.044444444444444446
17,0,632.234375,65.28,135.3780110740032,162.16983453330076,,,,2.370089182602688,0.13434886245830618,58,0.034482758620689655
17,0,662.234375,65.65161290322581,164.9222733111739,164.9394850719362,,,,2.2390668178278124,0.16077836470102547,60,0.03333333333333333
17,0,692.234375,65.26912181303115,168.0878321299359,167.36606547460264,,,,2.159937491349691,0.16831075785629776,58,0.08620689655172414
17,0,722.234375,61.480987324883245,139.044693656386,163.1489752987301,,,,2.245089515641385,0.19163939126844107,55,0.12727272727272726
17,0,752.234375,60.87350372047881,116.35278828150231,152.25455683236385,,,,2.207750643133471,0.1848250782446143,55,0.07272727272727272
17,0,782.234375,60.82644628099174,135.84102961214242,146.513018032955,,,,2.5109411698578237,1.0477563291020855,52,0.07692307692307693
17,0,812.234375,59.28594403345128,137.3260952715911,142.8283459607501,,,,2.458191902124848,0.8490297934321842,53,0.11320754716981132
17,0,842.234375,62.50877752952442,167.36278492233808,153.24903472460028,,,,2.0828716066121937,0.2704785887674484,55,0.09090909090909091
17,0,872.234375,68.23633940470901,175.81752652740497,146.97872707341432,,,,2.257269306604937,0.4756403510308128,49,0.061224489795918366
17,0,902.234375,60.42918454935622,182.2625631151917,133.3655225008014,,,,2.1365422833283656,0.5792250326614536,50,0.06
17,0,932.234375,58.99130434782609,165.19652005861835,151.01757237035082,,,,1.7061364571397135,0.20333012035121137,56,0.08928571428571429
17,0,962.234375,66.32942628007403,150.09699076114734,149.3075742757584,,,,1.6758831255747473,0.1639778444320836,60,0.06666666666666667
17,0,992.234375,68.80546075085324,124.49042880269656,139.41671451116514,,,,1.6202409462851284,0.10079613446672817,65,0.03076923076923077
17,0,1022.234375,67.36842105263158,118.93025368650099,140.69731936708436,,,,1.6723323723686132,0.09084017647856407,64,0.046875
17,0,1052.234375,69.12212683467185,132.41066189477897,142.044973034623,,,,1.7513276055940958,0.11566096308200419,66,0.045454545454545456
17,0,1082.234375,69.13975421549014,122.60898054210799,127.23619386861748,,,,1.7410066676973153,0.126908019839887,65,0.015384615384615385
17,0,1112.234375,62.737361282367445,130.34538626514393,145.74029770451276,,,,1.9101162715070064,0.14761396099369575,57,0.03508771929824561
17,0,1142.234375,64.21404682274247,179.55942341871545,164.57323775735074,,,,2.5388316994041578,0.47357145937171613,49,0.04081632653061224
17,0,1172.234375,71.85031185031185,179.95294635165334,139.03306446563667,,,,2.7523476483687026,0.25117556656989565,39,0.10256410256410256
17,0,1202.234375,70.07299270072994,152.71570995867393,122.65142014657062,,,,2.5005024249211396,0.25226294362289603,53,0.1320754716981132
17,1,3752.234375,92.53012048192771,115.86213909047775,100.39681314307599,,,,2.3017844962782688,0.4504088424132598,48,0.10416666666666667
17,1,3842.234375,86.15384615384616,136.96035200317402,130.5724076741841,,,,1.720846215841753,0.34786701588442065,60,0.08333333333333333
17,1,4052.234375,130.3904923599321,34.29660349390226,50.52107739709869,,,,2.2056447004209496,0.11518910415975504,54,0.037037037037037035
17,1,4082.234375,133.30347144456886,39.786634822310255,59.557154042995954,,,,1.9987099724216577,0.1005706775060034,102,0.0196078431372549
17,1,4112.234375,130.14470677837016,68.72108425945562,72.3447624119224,,,,1.8560056934806457,0.08736680363426529,101,0.039603960396039604
17,1,4142.234375,116.29586488060572,128.2321999162167,91.92943834602377,,,,2.1295065309199197,0.24669660784707972,70,0.1
17,1,4172.234375,108.8354898336414,141.63077990154304,104.92150745806471,,,,2.1128280632282337,0.27402256455999013,62,0.0967741935483871
